vreme_citanja_utc,feed_updated_utc,location,locationID,direction,directionDesc,serija,datum_brojaca,vreme_brojaca,danas,juce,ove_godine,state,stateDesc,lat,lon
2026-10-09T13:40:34Z,2026-10-09T13:34:01Z,0015,15NSaPS Vojvodjanska,14,Cara Lazara - M. Gorkog (u oba smera)(b),15a,2026-10-09,15:33:39,790,1314,346771,1,Saobraćaj se odvija normalno,45.246414,19.840201
2026-10-09T13:40:34Z,2026-10-09T13:34:01Z,0015,15NSbPS Vojvodjanska,24,M. Gorkog - Cara Lazara (u oba smera)(b),15b,2026-10-09,15:33:40,372,1033,279466,1,Saobraćaj se odvija normalno,45.24633,19.83993
2026-10-09T13:40:34Z,2026-10-09T13:34:01Z,0020,20NSb S. Jovanovica,23,Futoski put-V. Stepe (u oba smera)(b),20b,2026-10-09,15:34:01,299,614,117725,1,Saobraćaj se odvija normalno,45.251322,19.805641
2026-10-09T13:40:34Z,2026-10-09T13:34:01Z,0020,20NSa S.Jovanovica,13,V. Stepe-Futoski put (u oba smera)(b),20a,2026-10-09,15:33:40,168,380,117669,1,Saobraćaj se odvija normalno,45.25125,19.805401
2026-10-09T13:40:34Z,2026-10-09T13:34:01Z,0022,22NSb Bul. kralja Petra I,23,Kisacka-Kraljevica Marka (u oba smera)(b),22b,2026-10-09,15:33:47,240,625,107312,1,Saobraćaj se odvija normalno,45.262045,19.836839
2026-10-09T13:40:34Z,2026-10-09T13:34:01Z,0022,22NSa Bul. kralja Petra I,13,Kraljevica Marka-Kisacka (u oba smera)(b),22a,2026-10-09,15:33:47,312,640,94725,1,Saobraćaj se odvija normalno,45.261829,19.836955
2026-10-09T13:40:34Z,2026-10-09T13:34:01Z,0023,23NSa Bul. cara Lazara,14,Cara Dusana-Balzakova (u oba smera)(b),23a,2026-10-09,15:33:44,966,2268,448420,1,Saobraćaj se odvija normalno,45.240293,19.827405
2026-10-09T13:40:34Z,2026-10-09T13:34:01Z,0025,25NSa Kej zrtava racije,23,Bul. M. Pupina - Maksima Gorkog (b),25a,2026-10-09,15:33:43,236,780,199597,1,Saobraćaj se odvija normalno,45.252942,19.855554
2026-10-09T13:40:34Z,2026-10-09T13:34:01Z,0025,25NSa Kej zrtava racije,13,Maksima Gorkog - Bul. M. Pupina (b),25a,2026-10-09,15:33:43,236,798,201076,1,Saobraćaj se odvija normalno,45.252942,19.855554
2026-10-09T13:40:34Z,2026-10-09T13:34:01Z,0026,26NS Strand,21,Beogradski kej - Fruskogorska,26,2026-10-09,15:33:46,138,549,124574,1,Saobraćaj se odvija normalno,45.237826,19.848426
2026-10-09T13:40:34Z,2026-10-09T13:34:01Z,0026,26NS Strand,11,Fruskogorska - Beogradski kej,26,2026-10-09,15:33:42,119,473,113887,1,Saobraćaj se odvija normalno,45.237826,19.848426
2026-10-09T13:40:34Z,2026-10-09T13:34:01Z,0027,27NSb Bul. Evrope (K.Racina),24,H. Ruvimova - K. Stankovica (u oba smera)(b),27b,2026-10-09,15:33:41,449,1352,273349,1,Saobraćaj se odvija normalno,45.257879,19.810436
2026-10-09T13:40:34Z,2026-10-09T13:34:01Z,0027,27NSa Bul. Evrope (K.Racina),14,K. Stankovica - H. Ruvimova (u oba smera)(b),27a,2026-10-09,15:33:42,217,672,52353,1,Saobraćaj se odvija normalno,45.257699,19.810026
2026-10-09T13:40:34Z,2026-10-09T13:34:01Z,0028,28NS Bul. Oslobodjenja -Slovacka,21,Bul. kralja Petra I - Pap Pavla,28,2026-10-09,15:33:42,0,0,85362,6,Nema saobraćaja,45.256758,19.834542
2026-10-09T13:40:34Z,2026-10-09T13:34:01Z,0028,28NS Bul. Oslobodjenja -Slovacka,11,Pap Pavla - Bul. kralja Petra I,28,2026-10-09,15:33:44,863,1982,287782,1,Saobraćaj se odvija normalno,45.256758,19.834542
2026-10-09T13:40:34Z,2026-10-09T13:34:01Z,0029,29NSa Rumenacka,13,J. Tomica - Kralja Petra I (u oba smera)(b),29a,2026-10-09,15:33:44,674,1197,226628,1,Saobraćaj se odvija normalno,45.260059,19.82153
2026-10-09T13:40:34Z,2026-10-09T13:34:01Z,0029,29NSb Rumenacka,23,Kralja Petra I - J. Tomica (u oba smera)(b),29b,2026-10-09,15:33:43,357,786,209542,1,Saobraćaj se odvija normalno,45.260162,19.821722
2026-10-09T13:40:34Z,2026-10-09T13:34:01Z,0030,30NSa Bul. cara Lazara,14,Bul. Oslobodj.-Fruskogorska (u oba smera)(b),30a,2026-10-09,15:33:45,851,1798,335493,1,Saobraćaj se odvija normalno,45.244116,19.843214
2026-10-09T13:40:34Z,2026-10-09T13:34:01Z,0030,30NSb Bul. cara Lazara,24,Fruskogorska-Bul. Oslobodj. (u oba smera)(b),30b,2026-10-09,15:33:46,693,2007,361778,1,Saobraćaj se odvija normalno,45.24442,19.843149
2026-10-09T13:40:34Z,2026-10-09T13:34:01Z,0031,31NSb Kralja Petra I -P. Adamova,23,Bul. Oslobodjenja - Rumenacka (u oba smera)(b),31b,2026-10-09,15:33:45,1168,1937,450113,1,Saobraćaj se odvija normalno,45.259558,19.827023
2026-10-09T13:40:34Z,2026-10-09T13:34:01Z,0034,34NSb Futoska (N. Tesle),24,Bul. Oslobodjenja - C. Dušana  (u oba smera)(b),34b,2026-10-09,15:33:48,967,2270,416173,1,Saobraćaj se odvija normalno,45.24924,19.82866
2026-10-09T13:40:34Z,2026-10-09T13:34:01Z,0034,34NSa Futoska (N. Tesle),14,C. Dušana - Bul. Oslobodjenja (u oba smera)(b),34a,2026-10-09,15:33:52,2283,5178,901578,1,Saobraćaj se odvija normalno,45.249,19.82831
2026-10-09T13:40:34Z,2026-10-09T13:34:01Z,0036,36NSb Jevrejska,24,Bul. M. Pupina - Futoska (u oba smera)(b),36b,2026-10-09,15:33:48,431,1428,81874,1,Saobraćaj se odvija normalno,45.25272,19.83855
2026-10-09T13:40:34Z,2026-10-09T13:34:01Z,0036,36NSa Jevrejska,14,Futoska - Bul. M. Pupina (u oba smera)(b),36a,2026-10-09,15:33:48,1111,2547,496121,1,Saobraćaj se odvija normalno,45.25254,19.83869
2026-10-09T13:40:34Z,2026-10-09T13:34:01Z,0037,37NSa Bul.oslobodjenja(N.fronta),14,Most slobode - N. fronta (u oba smera)(b),37a,2026-10-09,15:33:53,132,345,99767,1,Saobraćaj se odvija normalno,45.240876,19.843284
2026-10-09T13:40:34Z,2026-10-09T13:34:01Z,0038,38NSa Hadzi Ruvimova,14,B. Evrope - Rumenacka (u oba smera)(b),38a,2026-10-09,15:33:52,568,1327,219952,1,Saobraćaj se odvija normalno,45.258039,19.818758
2026-10-09T13:40:34Z,2026-10-09T13:34:01Z,0038,38NSb Hadzi Ruvimova,24,Rumenacka - B. Evrope (u oba smera)(b),38b,2026-10-09,15:33:49,676,1405,307597,1,Saobraćaj se odvija normalno,45.258395,19.819157
2026-10-09T13:40:34Z,2026-10-09T13:34:01Z,0039,39NSb Bul. J. Tomica,24,B. oslobodjenja - Rumenacka (u oba smera)(b),39b,2026-10-09,15:33:49,486,993,192113,1,Saobraćaj se odvija normalno,45.26411,19.821189
2026-10-09T13:40:34Z,2026-10-09T13:34:01Z,0039,39NSa Bul. J. Tomica,14,Rumenacka - B. oslobodjenja (u oba smera)(b),39a,2026-10-09,15:33:53,368,227,145058,1,Saobraćaj se odvija normalno,45.263871,19.821154
2026-10-09T13:40:34Z,2026-10-09T13:34:01Z,0040,40NSa Bul. P. Pavla,21,Bul Evrope - Vrsacka,40a,2026-10-09,15:33:50,269,722,129016,1,Saobraćaj se odvija normalno,45.240035,19.817155
2026-10-09T13:40:34Z,2026-10-09T13:34:01Z,0040,40NSb Bul. P. Pavla,11,Bul Evrope - Vrsacka,40b,2026-10-09,15:33:50,177,465,86770,1,Saobraćaj se odvija normalno,45.240244,19.817184
2026-10-09T13:40:34Z,2026-10-09T13:34:01Z,0040,40NSb Bul. P. Pavla,21,Vrsacka - Bul Evrope,40b,2026-10-09,15:33:51,176,368,67639,1,Saobraćaj se odvija normalno,45.240244,19.817184
2026-10-09T13:40:34Z,2026-10-09T13:34:01Z,0040,40NSa Bul. P. Pavla,11,Vrsacka - Bul Evrope,40a,2026-10-09,15:33:54,406,851,143653,1,Saobraćaj se odvija normalno,45.240035,19.817155
2026-10-09T13:40:34Z,2026-10-09T13:34:01Z,0041,41NS Bul.oslobodjenja(N.Sajma),11,Bul. kralja Petra I - N.Sajma,41,2026-10-09,15:33:54,752,1212,241119,1,Saobraćaj se odvija normalno,45.255568,19.834719
2026-10-09T13:40:34Z,2026-10-09T13:34:01Z,0041,41NS Bul.oslobodjenja(N.Sajma),21,N.Sajma - Bul. kralja Petra I,41,2026-10-09,15:33:50,619,1008,198097,1,Saobraćaj se odvija normalno,45.255568,19.834719
2026-10-09T13:40:34Z,2026-10-09T13:34:01Z,0042,42NSb Radomira Rase Radujkova,23,Bul Evrope - Bul S. Jovanovica (u oba smera)(b),42b,2026-10-09,15:33:54,335,884,191802,1,Saobraćaj se odvija normalno,45.253968,19.806119
2026-10-09T13:40:34Z,2026-10-09T13:34:01Z,0042,42NSa Radomira Rase Radujkova,13,Bul S. Jovanovica - Bul Evrope (u oba smera)(b),42a,2026-10-09,15:33:51,79,3,175036,1,Saobraćaj se odvija normalno,45.253781,19.806246
2026-10-09T13:40:34Z,2026-10-09T13:34:01Z,0043,43NSa K.Stankovica,14,Bul.Evrope-Rumenacka (u oba smera)(b),43a,2026-10-09,15:33:58,421,1028,208517,1,Saobraćaj se odvija normalno,45.262419,19.814289
2026-10-09T13:40:34Z,2026-10-09T13:34:01Z,0043,43NSb K.Stankovica,24,Rumenacka-Bul.Evrope (u oba smera)(b),43b,2026-10-09,15:33:55,204,441,86974,1,Saobraćaj se odvija normalno,45.262573,19.814263
2026-10-09T13:40:34Z,2026-10-09T13:34:01Z,0044,44NSb Bul.Evrope(B.Bajica),24,Futoska-H.Ruvimova (u oba smera)(b),44b,2026-10-09,15:33:58,422,1154,217665,1,Saobraćaj se odvija normalno,45.253588,19.81339
2026-10-09T13:40:34Z,2026-10-09T13:34:01Z,0044,44NSa Bul.Evrope(B.Bajica),14,H.Ruvimova-Futoska (u oba smera)(b),44a,2026-10-09,15:33:58,368,792,164492,1,Saobraćaj se odvija normalno,45.253448,19.813023
2026-10-09T13:40:34Z,2026-10-09T13:34:01Z,0045,45NSa Bate Brkica,14,Bul.J.Ducica-Futoski put (u oba smera)(b),45a,2026-10-09,15:33:55,214,526,94616,1,Saobraćaj se odvija normalno,45.249447,19.798124
2026-10-09T13:40:34Z,2026-10-09T13:34:01Z,0045,45NSb Bate Brkica,24,Futoski put-Bul.J.Ducica (u oba smera)(b),45b,2026-10-09,15:33:59,374,810,169571,1,Saobraćaj se odvija normalno,45.24953,19.798362
2026-10-09T13:40:34Z,2026-10-09T13:34:01Z,0046,46NSa Futoski put,21,Bate Brkica-Bul.Kneza Milosa,46a,2026-10-09,15:33:56,209,445,84203,1,Saobraćaj se odvija normalno,45.245966,19.800219
2026-10-09T13:40:34Z,2026-10-09T13:34:01Z,0046,46NSb Futoski put,11,Bate Brkica-Bul.Kneza Milosa,46b,2026-10-09,15:33:57,328,619,113422,1,Saobraćaj se odvija normalno,45.245971,19.799306
2026-10-09T13:40:34Z,2026-10-09T13:34:01Z,0046,46NSa Futoski put,11,Bul.Kneza Milosa-Bate Brkica,46a,2026-10-09,15:33:52,271,501,100184,1,Saobraćaj se odvija normalno,45.245966,19.800219
2026-10-09T13:40:34Z,2026-10-09T13:34:01Z,0046,46NSb Futoski put,21,Bul.Kneza Milosa-Bate Brkica,46b,2026-10-09,15:33:57,276,700,134242,1,Saobraćaj se odvija normalno,45.245971,19.799306
2026-10-09T13:40:34Z,2026-10-09T13:34:01Z,0047,47NS Narodnog fronta(Sekspirova),21,Bul.oslobodjenja-Sekspirova,47,2026-10-09,15:33:56,158,331,66765,1,Saobraćaj se odvija normalno,45.240345,19.838594
2026-10-09T13:40:34Z,2026-10-09T13:34:01Z,0047,47NS Narodnog fronta(Sekspirova),11,Sekspirova-Bul.oslobodjenja,47,2026-10-09,15:33:56,256,488,108176,1,Saobraćaj se odvija normalno,45.240345,19.838594
2026-10-09T13:40:34Z,2026-10-09T13:34:01Z,0049,49NSb Maksima Gorkog,24,Strazilovska-Sutjeska (u oba smera)(b),49b,2026-10-09,15:34:00,0,4,22515,6,Nema saobraćaja,45.249741,19.845811
2026-10-09T13:40:34Z,2026-10-09T13:34:01Z,0049,49NSa Maksima Gorkog,14,Sutjeska-Strazilovska (u oba smera)(b),49a,2026-10-09,15:33:59,180,328,64497,1,Saobraćaj se odvija normalno,45.24962,19.845863
2026-10-09T13:40:34Z,2026-10-09T13:34:01Z,0050,50NSa Brace Ribnikar,14,Futoska-M.Dimitrijevica (u oba smera)(b),50a,2026-10-09,15:34:00,463,1079,167744,1,Saobraćaj se odvija normalno,45.248713,19.833487
2026-10-09T13:40:34Z,2026-10-09T13:34:01Z,0050,50NSb Brace Ribnikar,24,M.Dimitrijevica-Futoska (u oba smera)(b),50b,2026-10-09,15:34:00,317,731,106374,1,Saobraćaj se odvija normalno,45.248852,19.833603
2026-10-09T13:40:34Z,2026-10-09T13:34:01Z,0051,51NSb Futoski put,11,Bul.Evrope-Suboticka,51b,2026-10-09,15:33:46,576,1547,288423,1,Saobraćaj se odvija normalno,45.248277,19.814417
2026-10-09T13:40:34Z,2026-10-09T13:34:01Z,0051,51NSa Futoski put,21,Bul.Evrope-Suboticka,51a,2026-10-09,15:33:41,232,410,79250,1,Saobraćaj se odvija normalno,45.24806,19.81453
2026-10-09T13:40:34Z,2026-10-09T13:34:01Z,0051,51NSa Futoski put,11,Suboticka-Bul.Evrope,51a,2026-10-09,15:33:40,211,395,70550,1,Saobraćaj se odvija normalno,45.24806,19.81453
2026-10-09T13:40:34Z,2026-10-09T13:34:01Z,0051,51NSb Futoski put,21,Suboticka-Bul.Evrope,51b,2026-10-09,15:33:47,806,1560,289485,1,Saobraćaj se odvija normalno,45.248277,19.814417
