stanica_id,ts,y,razlog,ts_utc,datum,sat
15a,2026-10-09 01:00:00,,nema_citanja,2026-10-08 23:00:00+00:00,2026-10-09,1
15a,2026-10-09 02:00:00,,nema_citanja,2026-10-09 00:00:00+00:00,2026-10-09,2
15a,2026-10-09 03:00:00,,nema_citanja,2026-10-09 01:00:00+00:00,2026-10-09,3
15a,2026-10-09 04:00:00,,nema_citanja,2026-10-09 02:00:00+00:00,2026-10-09,4
15a,2026-10-09 05:00:00,,nema_citanja,2026-10-09 03:00:00+00:00,2026-10-09,5
15a,2026-10-09 06:00:00,,nema_citanja,2026-10-09 04:00:00+00:00,2026-10-09,6
15a,2026-10-09 07:00:00,,nema_citanja,2026-10-09 05:00:00+00:00,2026-10-09,7
15a,2026-10-09 08:00:00,,nema_citanja,2026-10-09 06:00:00+00:00,2026-10-09,8
15a,2026-10-09 09:00:00,,nema_citanja,2026-10-09 07:00:00+00:00,2026-10-09,9
15a,2026-10-09 10:00:00,,nema_citanja,2026-10-09 08:00:00+00:00,2026-10-09,10
15a,2026-10-09 11:00:00,,nema_citanja,2026-10-09 09:00:00+00:00,2026-10-09,11
15a,2026-10-09 12:00:00,,nema_citanja,2026-10-09 10:00:00+00:00,2026-10-09,12
15a,2026-10-09 13:00:00,,nema_citanja,2026-10-09 11:00:00+00:00,2026-10-09,13
15a,2026-10-09 14:00:00,,nema_citanja,2026-10-09 12:00:00+00:00,2026-10-09,14
15a,2026-10-09 15:00:00,,nema_citanja,2026-10-09 13:00:00+00:00,2026-10-09,15
15a,2026-10-09 16:00:00,80.0,,2026-10-09 14:00:00+00:00,2026-10-09,16
15a,2026-10-09 17:00:00,,nepotpun_sat,2026-10-09 15:00:00+00:00,2026-10-09,17
15a,2026-10-09 18:00:00,120.0,,2026-10-09 16:00:00+00:00,2026-10-09,18
15a,2026-10-09 19:00:00,118.0,,2026-10-09 17:00:00+00:00,2026-10-09,19
15a,2026-10-09 20:00:00,57.0,,2026-10-09 18:00:00+00:00,2026-10-09,20
15a,2026-10-09 21:00:00,55.0,,2026-10-09 19:00:00+00:00,2026-10-09,21
15a,2026-10-09 22:00:00,55.0,,2026-10-09 20:00:00+00:00,2026-10-09,22
15a,2026-10-09 23:00:00,36.0,,2026-10-09 21:00:00+00:00,2026-10-09,23
15a,2026-10-10 00:00:00,22.0,,2026-10-09 22:00:00+00:00,2026-10-09,24
15b,2026-10-09 01:00:00,,nema_citanja,2026-10-08 23:00:00+00:00,2026-10-09,1
15b,2026-10-09 02:00:00,,nema_citanja,2026-10-09 00:00:00+00:00,2026-10-09,2
15b,2026-10-09 03:00:00,,nema_citanja,2026-10-09 01:00:00+00:00,2026-10-09,3
15b,2026-10-09 04:00:00,,nema_citanja,2026-10-09 02:00:00+00:00,2026-10-09,4
15b,2026-10-09 05:00:00,,nema_citanja,2026-10-09 03:00:00+00:00,2026-10-09,5
15b,2026-10-09 06:00:00,,nema_citanja,2026-10-09 04:00:00+00:00,2026-10-09,6
15b,2026-10-09 07:00:00,,nema_citanja,2026-10-09 05:00:00+00:00,2026-10-09,7
15b,2026-10-09 08:00:00,,nema_citanja,2026-10-09 06:00:00+00:00,2026-10-09,8
15b,2026-10-09 09:00:00,,nema_citanja,2026-10-09 07:00:00+00:00,2026-10-09,9
15b,2026-10-09 10:00:00,,nema_citanja,2026-10-09 08:00:00+00:00,2026-10-09,10
15b,2026-10-09 11:00:00,,nema_citanja,2026-10-09 09:00:00+00:00,2026-10-09,11
15b,2026-10-09 12:00:00,,nema_citanja,2026-10-09 10:00:00+00:00,2026-10-09,12
15b,2026-10-09 13:00:00,,nema_citanja,2026-10-09 11:00:00+00:00,2026-10-09,13
15b,2026-10-09 14:00:00,,nema_citanja,2026-10-09 12:00:00+00:00,2026-10-09,14
15b,2026-10-09 15:00:00,,nema_citanja,2026-10-09 13:00:00+00:00,2026-10-09,15
15b,2026-10-09 16:00:00,29.0,,2026-10-09 14:00:00+00:00,2026-10-09,16
15b,2026-10-09 17:00:00,,nepotpun_sat,2026-10-09 15:00:00+00:00,2026-10-09,17
15b,2026-10-09 18:00:00,48.0,,2026-10-09 16:00:00+00:00,2026-10-09,18
15b,2026-10-09 19:00:00,35.0,,2026-10-09 17:00:00+00:00,2026-10-09,19
15b,2026-10-09 20:00:00,44.0,,2026-10-09 18:00:00+00:00,2026-10-09,20
15b,2026-10-09 21:00:00,75.0,,2026-10-09 19:00:00+00:00,2026-10-09,21
15b,2026-10-09 22:00:00,64.0,,2026-10-09 20:00:00+00:00,2026-10-09,22
15b,2026-10-09 23:00:00,46.0,,2026-10-09 21:00:00+00:00,2026-10-09,23
15b,2026-10-10 00:00:00,25.0,,2026-10-09 22:00:00+00:00,2026-10-09,24
20a,2026-10-09 01:00:00,,nema_citanja,2026-10-08 23:00:00+00:00,2026-10-09,1
20a,2026-10-09 02:00:00,,nema_citanja,2026-10-09 00:00:00+00:00,2026-10-09,2
20a,2026-10-09 03:00:00,,nema_citanja,2026-10-09 01:00:00+00:00,2026-10-09,3
20a,2026-10-09 04:00:00,,nema_citanja,2026-10-09 02:00:00+00:00,2026-10-09,4
20a,2026-10-09 05:00:00,,nema_citanja,2026-10-09 03:00:00+00:00,2026-10-09,5
20a,2026-10-09 06:00:00,,nema_citanja,2026-10-09 04:00:00+00:00,2026-10-09,6
20a,2026-10-09 07:00:00,,nema_citanja,2026-10-09 05:00:00+00:00,2026-10-09,7
20a,2026-10-09 08:00:00,,nema_citanja,2026-10-09 06:00:00+00:00,2026-10-09,8
20a,2026-10-09 09:00:00,,nema_citanja,2026-10-09 07:00:00+00:00,2026-10-09,9
20a,2026-10-09 10:00:00,,nema_citanja,2026-10-09 08:00:00+00:00,2026-10-09,10
20a,2026-10-09 11:00:00,,nema_citanja,2026-10-09 09:00:00+00:00,2026-10-09,11
20a,2026-10-09 12:00:00,,nema_citanja,2026-10-09 10:00:00+00:00,2026-10-09,12
20a,2026-10-09 13:00:00,,nema_citanja,2026-10-09 11:00:00+00:00,2026-10-09,13
20a,2026-10-09 14:00:00,,nema_citanja,2026-10-09 12:00:00+00:00,2026-10-09,14
20a,2026-10-09 15:00:00,,nema_citanja,2026-10-09 13:00:00+00:00,2026-10-09,15
20a,2026-10-09 16:00:00,16.0,,2026-10-09 14:00:00+00:00,2026-10-09,16
20a,2026-10-09 17:00:00,,nepotpun_sat,2026-10-09 15:00:00+00:00,2026-10-09,17
20a,2026-10-09 18:00:00,27.0,,2026-10-09 16:00:00+00:00,2026-10-09,18
20a,2026-10-09 19:00:00,14.0,,2026-10-09 17:00:00+00:00,2026-10-09,19
20a,2026-10-09 20:00:00,26.0,,2026-10-09 18:00:00+00:00,2026-10-09,20
20a,2026-10-09 21:00:00,18.0,,2026-10-09 19:00:00+00:00,2026-10-09,21
20a,2026-10-09 22:00:00,10.0,,2026-10-09 20:00:00+00:00,2026-10-09,22
20a,2026-10-09 23:00:00,9.0,,2026-10-09 21:00:00+00:00,2026-10-09,23
20a,2026-10-10 00:00:00,5.0,,2026-10-09 22:00:00+00:00,2026-10-09,24
20b,2026-10-09 01:00:00,,nema_citanja,2026-10-08 23:00:00+00:00,2026-10-09,1
20b,2026-10-09 02:00:00,,nema_citanja,2026-10-09 00:00:00+00:00,2026-10-09,2
20b,2026-10-09 03:00:00,,nema_citanja,2026-10-09 01:00:00+00:00,2026-10-09,3
20b,2026-10-09 04:00:00,,nema_citanja,2026-10-09 02:00:00+00:00,2026-10-09,4
20b,2026-10-09 05:00:00,,nema_citanja,2026-10-09 03:00:00+00:00,2026-10-09,5
20b,2026-10-09 06:00:00,,nema_citanja,2026-10-09 04:00:00+00:00,2026-10-09,6
20b,2026-10-09 07:00:00,,nema_citanja,2026-10-09 05:00:00+00:00,2026-10-09,7
20b,2026-10-09 08:00:00,,nema_citanja,2026-10-09 06:00:00+00:00,2026-10-09,8
20b,2026-10-09 09:00:00,,nema_citanja,2026-10-09 07:00:00+00:00,2026-10-09,9
20b,2026-10-09 10:00:00,,nema_citanja,2026-10-09 08:00:00+00:00,2026-10-09,10
20b,2026-10-09 11:00:00,,nema_citanja,2026-10-09 09:00:00+00:00,2026-10-09,11
20b,2026-10-09 12:00:00,,nema_citanja,2026-10-09 10:00:00+00:00,2026-10-09,12
20b,2026-10-09 13:00:00,,nema_citanja,2026-10-09 11:00:00+00:00,2026-10-09,13
20b,2026-10-09 14:00:00,,nema_citanja,2026-10-09 12:00:00+00:00,2026-10-09,14
20b,2026-10-09 15:00:00,,nema_citanja,2026-10-09 13:00:00+00:00,2026-10-09,15
20b,2026-10-09 16:00:00,40.0,,2026-10-09 14:00:00+00:00,2026-10-09,16
20b,2026-10-09 17:00:00,,nepotpun_sat,2026-10-09 15:00:00+00:00,2026-10-09,17
20b,2026-10-09 18:00:00,38.0,,2026-10-09 16:00:00+00:00,2026-10-09,18
20b,2026-10-09 19:00:00,57.0,,2026-10-09 17:00:00+00:00,2026-10-09,19
20b,2026-10-09 20:00:00,26.0,,2026-10-09 18:00:00+00:00,2026-10-09,20
20b,2026-10-09 21:00:00,33.0,,2026-10-09 19:00:00+00:00,2026-10-09,21
20b,2026-10-09 22:00:00,15.0,,2026-10-09 20:00:00+00:00,2026-10-09,22
20b,2026-10-09 23:00:00,11.0,,2026-10-09 21:00:00+00:00,2026-10-09,23
20b,2026-10-10 00:00:00,12.0,,2026-10-09 22:00:00+00:00,2026-10-09,24
22a,2026-10-09 01:00:00,,nema_citanja,2026-10-08 23:00:00+00:00,2026-10-09,1
22a,2026-10-09 02:00:00,,nema_citanja,2026-10-09 00:00:00+00:00,2026-10-09,2
22a,2026-10-09 03:00:00,,nema_citanja,2026-10-09 01:00:00+00:00,2026-10-09,3
22a,2026-10-09 04:00:00,,nema_citanja,2026-10-09 02:00:00+00:00,2026-10-09,4
22a,2026-10-09 05:00:00,,nema_citanja,2026-10-09 03:00:00+00:00,2026-10-09,5
22a,2026-10-09 06:00:00,,nema_citanja,2026-10-09 04:00:00+00:00,2026-10-09,6
22a,2026-10-09 07:00:00,,nema_citanja,2026-10-09 05:00:00+00:00,2026-10-09,7
22a,2026-10-09 08:00:00,,nema_citanja,2026-10-09 06:00:00+00:00,2026-10-09,8
22a,2026-10-09 09:00:00,,nema_citanja,2026-10-09 07:00:00+00:00,2026-10-09,9
22a,2026-10-09 10:00:00,,nema_citanja,2026-10-09 08:00:00+00:00,2026-10-09,10
22a,2026-10-09 11:00:00,,nema_citanja,2026-10-09 09:00:00+00:00,2026-10-09,11
22a,2026-10-09 12:00:00,,nema_citanja,2026-10-09 10:00:00+00:00,2026-10-09,12
22a,2026-10-09 13:00:00,,nema_citanja,2026-10-09 11:00:00+00:00,2026-10-09,13
22a,2026-10-09 14:00:00,,nema_citanja,2026-10-09 12:00:00+00:00,2026-10-09,14
22a,2026-10-09 15:00:00,,nema_citanja,2026-10-09 13:00:00+00:00,2026-10-09,15
22a,2026-10-09 16:00:00,42.0,,2026-10-09 14:00:00+00:00,2026-10-09,16
22a,2026-10-09 17:00:00,,nepotpun_sat,2026-10-09 15:00:00+00:00,2026-10-09,17
22a,2026-10-09 18:00:00,31.0,,2026-10-09 16:00:00+00:00,2026-10-09,18
22a,2026-10-09 19:00:00,49.0,,2026-10-09 17:00:00+00:00,2026-10-09,19
22a,2026-10-09 20:00:00,42.0,,2026-10-09 18:00:00+00:00,2026-10-09,20
22a,2026-10-09 21:00:00,27.0,,2026-10-09 19:00:00+00:00,2026-10-09,21
22a,2026-10-09 22:00:00,21.0,,2026-10-09 20:00:00+00:00,2026-10-09,22
22a,2026-10-09 23:00:00,11.0,,2026-10-09 21:00:00+00:00,2026-10-09,23
22a,2026-10-10 00:00:00,10.0,,2026-10-09 22:00:00+00:00,2026-10-09,24
22b,2026-10-09 01:00:00,,nema_citanja,2026-10-08 23:00:00+00:00,2026-10-09,1
22b,2026-10-09 02:00:00,,nema_citanja,2026-10-09 00:00:00+00:00,2026-10-09,2
22b,2026-10-09 03:00:00,,nema_citanja,2026-10-09 01:00:00+00:00,2026-10-09,3
22b,2026-10-09 04:00:00,,nema_citanja,2026-10-09 02:00:00+00:00,2026-10-09,4
22b,2026-10-09 05:00:00,,nema_citanja,2026-10-09 03:00:00+00:00,2026-10-09,5
22b,2026-10-09 06:00:00,,nema_citanja,2026-10-09 04:00:00+00:00,2026-10-09,6
22b,2026-10-09 07:00:00,,nema_citanja,2026-10-09 05:00:00+00:00,2026-10-09,7
22b,2026-10-09 08:00:00,,nema_citanja,2026-10-09 06:00:00+00:00,2026-10-09,8
22b,2026-10-09 09:00:00,,nema_citanja,2026-10-09 07:00:00+00:00,2026-10-09,9
22b,2026-10-09 10:00:00,,nema_citanja,2026-10-09 08:00:00+00:00,2026-10-09,10
22b,2026-10-09 11:00:00,,nema_citanja,2026-10-09 09:00:00+00:00,2026-10-09,11
22b,2026-10-09 12:00:00,,nema_citanja,2026-10-09 10:00:00+00:00,2026-10-09,12
22b,2026-10-09 13:00:00,,nema_citanja,2026-10-09 11:00:00+00:00,2026-10-09,13
22b,2026-10-09 14:00:00,,nema_citanja,2026-10-09 12:00:00+00:00,2026-10-09,14
22b,2026-10-09 15:00:00,,nema_citanja,2026-10-09 13:00:00+00:00,2026-10-09,15
22b,2026-10-09 16:00:00,33.0,,2026-10-09 14:00:00+00:00,2026-10-09,16
22b,2026-10-09 17:00:00,,nepotpun_sat,2026-10-09 15:00:00+00:00,2026-10-09,17
22b,2026-10-09 18:00:00,35.0,,2026-10-09 16:00:00+00:00,2026-10-09,18
22b,2026-10-09 19:00:00,35.0,,2026-10-09 17:00:00+00:00,2026-10-09,19
22b,2026-10-09 20:00:00,38.0,,2026-10-09 18:00:00+00:00,2026-10-09,20
22b,2026-10-09 21:00:00,35.0,,2026-10-09 19:00:00+00:00,2026-10-09,21
22b,2026-10-09 22:00:00,23.0,,2026-10-09 20:00:00+00:00,2026-10-09,22
22b,2026-10-09 23:00:00,15.0,,2026-10-09 21:00:00+00:00,2026-10-09,23
22b,2026-10-10 00:00:00,12.0,,2026-10-09 22:00:00+00:00,2026-10-09,24
23a,2026-10-09 01:00:00,,nema_citanja,2026-10-08 23:00:00+00:00,2026-10-09,1
23a,2026-10-09 02:00:00,,nema_citanja,2026-10-09 00:00:00+00:00,2026-10-09,2
23a,2026-10-09 03:00:00,,nema_citanja,2026-10-09 01:00:00+00:00,2026-10-09,3
23a,2026-10-09 04:00:00,,nema_citanja,2026-10-09 02:00:00+00:00,2026-10-09,4
23a,2026-10-09 05:00:00,,nema_citanja,2026-10-09 03:00:00+00:00,2026-10-09,5
23a,2026-10-09 06:00:00,,nema_citanja,2026-10-09 04:00:00+00:00,2026-10-09,6
23a,2026-10-09 07:00:00,,nema_citanja,2026-10-09 05:00:00+00:00,2026-10-09,7
23a,2026-10-09 08:00:00,,nema_citanja,2026-10-09 06:00:00+00:00,2026-10-09,8
23a,2026-10-09 09:00:00,,nema_citanja,2026-10-09 07:00:00+00:00,2026-10-09,9
23a,2026-10-09 10:00:00,,nema_citanja,2026-10-09 08:00:00+00:00,2026-10-09,10
23a,2026-10-09 11:00:00,,nema_citanja,2026-10-09 09:00:00+00:00,2026-10-09,11
23a,2026-10-09 12:00:00,,nema_citanja,2026-10-09 10:00:00+00:00,2026-10-09,12
23a,2026-10-09 13:00:00,,nema_citanja,2026-10-09 11:00:00+00:00,2026-10-09,13
23a,2026-10-09 14:00:00,,nema_citanja,2026-10-09 12:00:00+00:00,2026-10-09,14
23a,2026-10-09 15:00:00,,nema_citanja,2026-10-09 13:00:00+00:00,2026-10-09,15
23a,2026-10-09 16:00:00,94.0,,2026-10-09 14:00:00+00:00,2026-10-09,16
23a,2026-10-09 17:00:00,,nepotpun_sat,2026-10-09 15:00:00+00:00,2026-10-09,17
23a,2026-10-09 18:00:00,112.0,,2026-10-09 16:00:00+00:00,2026-10-09,18
23a,2026-10-09 19:00:00,117.0,,2026-10-09 17:00:00+00:00,2026-10-09,19
23a,2026-10-09 20:00:00,79.0,,2026-10-09 18:00:00+00:00,2026-10-09,20
23a,2026-10-09 21:00:00,66.0,,2026-10-09 19:00:00+00:00,2026-10-09,21
23a,2026-10-09 22:00:00,85.0,,2026-10-09 20:00:00+00:00,2026-10-09,22
23a,2026-10-09 23:00:00,44.0,,2026-10-09 21:00:00+00:00,2026-10-09,23
23a,2026-10-10 00:00:00,20.0,,2026-10-09 22:00:00+00:00,2026-10-09,24
25a,2026-10-09 01:00:00,,nema_citanja,2026-10-08 23:00:00+00:00,2026-10-09,1
25a,2026-10-09 02:00:00,,nema_citanja,2026-10-09 00:00:00+00:00,2026-10-09,2
25a,2026-10-09 03:00:00,,nema_citanja,2026-10-09 01:00:00+00:00,2026-10-09,3
25a,2026-10-09 04:00:00,,nema_citanja,2026-10-09 02:00:00+00:00,2026-10-09,4
25a,2026-10-09 05:00:00,,nema_citanja,2026-10-09 03:00:00+00:00,2026-10-09,5
25a,2026-10-09 06:00:00,,nema_citanja,2026-10-09 04:00:00+00:00,2026-10-09,6
25a,2026-10-09 07:00:00,,nema_citanja,2026-10-09 05:00:00+00:00,2026-10-09,7
25a,2026-10-09 08:00:00,,nema_citanja,2026-10-09 06:00:00+00:00,2026-10-09,8
25a,2026-10-09 09:00:00,,nema_citanja,2026-10-09 07:00:00+00:00,2026-10-09,9
25a,2026-10-09 10:00:00,,nema_citanja,2026-10-09 08:00:00+00:00,2026-10-09,10
25a,2026-10-09 11:00:00,,nema_citanja,2026-10-09 09:00:00+00:00,2026-10-09,11
25a,2026-10-09 12:00:00,,nema_citanja,2026-10-09 10:00:00+00:00,2026-10-09,12
25a,2026-10-09 13:00:00,,nema_citanja,2026-10-09 11:00:00+00:00,2026-10-09,13
25a,2026-10-09 14:00:00,,nema_citanja,2026-10-09 12:00:00+00:00,2026-10-09,14
25a,2026-10-09 15:00:00,,nema_citanja,2026-10-09 13:00:00+00:00,2026-10-09,15
25a,2026-10-09 16:00:00,64.0,,2026-10-09 14:00:00+00:00,2026-10-09,16
25a,2026-10-09 17:00:00,,nepotpun_sat,2026-10-09 15:00:00+00:00,2026-10-09,17
25a,2026-10-09 18:00:00,94.0,,2026-10-09 16:00:00+00:00,2026-10-09,18
25a,2026-10-09 19:00:00,118.0,,2026-10-09 17:00:00+00:00,2026-10-09,19
25a,2026-10-09 20:00:00,64.0,,2026-10-09 18:00:00+00:00,2026-10-09,20
25a,2026-10-09 21:00:00,66.0,,2026-10-09 19:00:00+00:00,2026-10-09,21
25a,2026-10-09 22:00:00,41.0,,2026-10-09 20:00:00+00:00,2026-10-09,22
25a,2026-10-09 23:00:00,29.0,,2026-10-09 21:00:00+00:00,2026-10-09,23
25a,2026-10-10 00:00:00,12.0,,2026-10-09 22:00:00+00:00,2026-10-09,24
26,2026-10-09 01:00:00,,nema_citanja,2026-10-08 23:00:00+00:00,2026-10-09,1
26,2026-10-09 02:00:00,,nema_citanja,2026-10-09 00:00:00+00:00,2026-10-09,2
26,2026-10-09 03:00:00,,nema_citanja,2026-10-09 01:00:00+00:00,2026-10-09,3
26,2026-10-09 04:00:00,,nema_citanja,2026-10-09 02:00:00+00:00,2026-10-09,4
26,2026-10-09 05:00:00,,nema_citanja,2026-10-09 03:00:00+00:00,2026-10-09,5
26,2026-10-09 06:00:00,,nema_citanja,2026-10-09 04:00:00+00:00,2026-10-09,6
26,2026-10-09 07:00:00,,nema_citanja,2026-10-09 05:00:00+00:00,2026-10-09,7
26,2026-10-09 08:00:00,,nema_citanja,2026-10-09 06:00:00+00:00,2026-10-09,8
26,2026-10-09 09:00:00,,nema_citanja,2026-10-09 07:00:00+00:00,2026-10-09,9
26,2026-10-09 10:00:00,,nema_citanja,2026-10-09 08:00:00+00:00,2026-10-09,10
26,2026-10-09 11:00:00,,nema_citanja,2026-10-09 09:00:00+00:00,2026-10-09,11
26,2026-10-09 12:00:00,,nema_citanja,2026-10-09 10:00:00+00:00,2026-10-09,12
26,2026-10-09 13:00:00,,nema_citanja,2026-10-09 11:00:00+00:00,2026-10-09,13
26,2026-10-09 14:00:00,,nema_citanja,2026-10-09 12:00:00+00:00,2026-10-09,14
26,2026-10-09 15:00:00,,nema_citanja,2026-10-09 13:00:00+00:00,2026-10-09,15
26,2026-10-09 16:00:00,44.0,,2026-10-09 14:00:00+00:00,2026-10-09,16
26,2026-10-09 17:00:00,,nepotpun_sat,2026-10-09 15:00:00+00:00,2026-10-09,17
26,2026-10-09 18:00:00,70.0,,2026-10-09 16:00:00+00:00,2026-10-09,18
26,2026-10-09 19:00:00,84.0,,2026-10-09 17:00:00+00:00,2026-10-09,19
26,2026-10-09 20:00:00,54.0,,2026-10-09 18:00:00+00:00,2026-10-09,20
26,2026-10-09 21:00:00,33.0,,2026-10-09 19:00:00+00:00,2026-10-09,21
26,2026-10-09 22:00:00,26.0,,2026-10-09 20:00:00+00:00,2026-10-09,22
26,2026-10-09 23:00:00,18.0,,2026-10-09 21:00:00+00:00,2026-10-09,23
26,2026-10-10 00:00:00,10.0,,2026-10-09 22:00:00+00:00,2026-10-09,24
27a,2026-10-09 01:00:00,,nema_citanja,2026-10-08 23:00:00+00:00,2026-10-09,1
27a,2026-10-09 02:00:00,,nema_citanja,2026-10-09 00:00:00+00:00,2026-10-09,2
27a,2026-10-09 03:00:00,,nema_citanja,2026-10-09 01:00:00+00:00,2026-10-09,3
27a,2026-10-09 04:00:00,,nema_citanja,2026-10-09 02:00:00+00:00,2026-10-09,4
27a,2026-10-09 05:00:00,,nema_citanja,2026-10-09 03:00:00+00:00,2026-10-09,5
27a,2026-10-09 06:00:00,,nema_citanja,2026-10-09 04:00:00+00:00,2026-10-09,6
27a,2026-10-09 07:00:00,,nema_citanja,2026-10-09 05:00:00+00:00,2026-10-09,7
27a,2026-10-09 08:00:00,,nema_citanja,2026-10-09 06:00:00+00:00,2026-10-09,8
27a,2026-10-09 09:00:00,,nema_citanja,2026-10-09 07:00:00+00:00,2026-10-09,9
27a,2026-10-09 10:00:00,,nema_citanja,2026-10-09 08:00:00+00:00,2026-10-09,10
27a,2026-10-09 11:00:00,,nema_citanja,2026-10-09 09:00:00+00:00,2026-10-09,11
27a,2026-10-09 12:00:00,,nema_citanja,2026-10-09 10:00:00+00:00,2026-10-09,12
27a,2026-10-09 13:00:00,,nema_citanja,2026-10-09 11:00:00+00:00,2026-10-09,13
27a,2026-10-09 14:00:00,,nema_citanja,2026-10-09 12:00:00+00:00,2026-10-09,14
27a,2026-10-09 15:00:00,,nema_citanja,2026-10-09 13:00:00+00:00,2026-10-09,15
27a,2026-10-09 16:00:00,40.0,,2026-10-09 14:00:00+00:00,2026-10-09,16
27a,2026-10-09 17:00:00,,nepotpun_sat,2026-10-09 15:00:00+00:00,2026-10-09,17
27a,2026-10-09 18:00:00,32.0,,2026-10-09 16:00:00+00:00,2026-10-09,18
27a,2026-10-09 19:00:00,47.0,,2026-10-09 17:00:00+00:00,2026-10-09,19
27a,2026-10-09 20:00:00,40.0,,2026-10-09 18:00:00+00:00,2026-10-09,20
27a,2026-10-09 21:00:00,25.0,,2026-10-09 19:00:00+00:00,2026-10-09,21
27a,2026-10-09 22:00:00,21.0,,2026-10-09 20:00:00+00:00,2026-10-09,22
27a,2026-10-09 23:00:00,14.0,,2026-10-09 21:00:00+00:00,2026-10-09,23
27a,2026-10-10 00:00:00,9.0,,2026-10-09 22:00:00+00:00,2026-10-09,24
27b,2026-10-09 01:00:00,,nema_citanja,2026-10-08 23:00:00+00:00,2026-10-09,1
27b,2026-10-09 02:00:00,,nema_citanja,2026-10-09 00:00:00+00:00,2026-10-09,2
27b,2026-10-09 03:00:00,,nema_citanja,2026-10-09 01:00:00+00:00,2026-10-09,3
27b,2026-10-09 04:00:00,,nema_citanja,2026-10-09 02:00:00+00:00,2026-10-09,4
27b,2026-10-09 05:00:00,,nema_citanja,2026-10-09 03:00:00+00:00,2026-10-09,5
27b,2026-10-09 06:00:00,,nema_citanja,2026-10-09 04:00:00+00:00,2026-10-09,6
27b,2026-10-09 07:00:00,,nema_citanja,2026-10-09 05:00:00+00:00,2026-10-09,7
27b,2026-10-09 08:00:00,,nema_citanja,2026-10-09 06:00:00+00:00,2026-10-09,8
27b,2026-10-09 09:00:00,,nema_citanja,2026-10-09 07:00:00+00:00,2026-10-09,9
27b,2026-10-09 10:00:00,,nema_citanja,2026-10-09 08:00:00+00:00,2026-10-09,10
27b,2026-10-09 11:00:00,,nema_citanja,2026-10-09 09:00:00+00:00,2026-10-09,11
27b,2026-10-09 12:00:00,,nema_citanja,2026-10-09 10:00:00+00:00,2026-10-09,12
27b,2026-10-09 13:00:00,,nema_citanja,2026-10-09 11:00:00+00:00,2026-10-09,13
27b,2026-10-09 14:00:00,,nema_citanja,2026-10-09 12:00:00+00:00,2026-10-09,14
27b,2026-10-09 15:00:00,,nema_citanja,2026-10-09 13:00:00+00:00,2026-10-09,15
27b,2026-10-09 16:00:00,98.0,,2026-10-09 14:00:00+00:00,2026-10-09,16
27b,2026-10-09 17:00:00,,nepotpun_sat,2026-10-09 15:00:00+00:00,2026-10-09,17
27b,2026-10-09 18:00:00,92.0,,2026-10-09 16:00:00+00:00,2026-10-09,18
27b,2026-10-09 19:00:00,88.0,,2026-10-09 17:00:00+00:00,2026-10-09,19
27b,2026-10-09 20:00:00,83.0,,2026-10-09 18:00:00+00:00,2026-10-09,20
27b,2026-10-09 21:00:00,67.0,,2026-10-09 19:00:00+00:00,2026-10-09,21
27b,2026-10-09 22:00:00,53.0,,2026-10-09 20:00:00+00:00,2026-10-09,22
27b,2026-10-09 23:00:00,36.0,,2026-10-09 21:00:00+00:00,2026-10-09,23
27b,2026-10-10 00:00:00,16.0,,2026-10-09 22:00:00+00:00,2026-10-09,24
28,2026-10-09 01:00:00,,nema_citanja,2026-10-08 23:00:00+00:00,2026-10-09,1
28,2026-10-09 02:00:00,,nema_citanja,2026-10-09 00:00:00+00:00,2026-10-09,2
28,2026-10-09 03:00:00,,nema_citanja,2026-10-09 01:00:00+00:00,2026-10-09,3
28,2026-10-09 04:00:00,,nema_citanja,2026-10-09 02:00:00+00:00,2026-10-09,4
28,2026-10-09 05:00:00,,nema_citanja,2026-10-09 03:00:00+00:00,2026-10-09,5
28,2026-10-09 06:00:00,,nema_citanja,2026-10-09 04:00:00+00:00,2026-10-09,6
28,2026-10-09 07:00:00,,nema_citanja,2026-10-09 05:00:00+00:00,2026-10-09,7
28,2026-10-09 08:00:00,,nema_citanja,2026-10-09 06:00:00+00:00,2026-10-09,8
28,2026-10-09 09:00:00,,nema_citanja,2026-10-09 07:00:00+00:00,2026-10-09,9
28,2026-10-09 10:00:00,,nema_citanja,2026-10-09 08:00:00+00:00,2026-10-09,10
28,2026-10-09 11:00:00,,nema_citanja,2026-10-09 09:00:00+00:00,2026-10-09,11
28,2026-10-09 12:00:00,,nema_citanja,2026-10-09 10:00:00+00:00,2026-10-09,12
28,2026-10-09 13:00:00,,nema_citanja,2026-10-09 11:00:00+00:00,2026-10-09,13
28,2026-10-09 14:00:00,,nema_citanja,2026-10-09 12:00:00+00:00,2026-10-09,14
28,2026-10-09 15:00:00,,nema_citanja,2026-10-09 13:00:00+00:00,2026-10-09,15
28,2026-10-09 16:00:00,148.0,,2026-10-09 14:00:00+00:00,2026-10-09,16
28,2026-10-09 17:00:00,,nepotpun_sat,2026-10-09 15:00:00+00:00,2026-10-09,17
28,2026-10-09 18:00:00,110.0,,2026-10-09 16:00:00+00:00,2026-10-09,18
28,2026-10-09 19:00:00,125.0,,2026-10-09 17:00:00+00:00,2026-10-09,19
28,2026-10-09 20:00:00,103.0,,2026-10-09 18:00:00+00:00,2026-10-09,20
28,2026-10-09 21:00:00,123.0,,2026-10-09 19:00:00+00:00,2026-10-09,21
28,2026-10-09 22:00:00,68.0,,2026-10-09 20:00:00+00:00,2026-10-09,22
28,2026-10-09 23:00:00,56.0,,2026-10-09 21:00:00+00:00,2026-10-09,23
28,2026-10-10 00:00:00,28.0,,2026-10-09 22:00:00+00:00,2026-10-09,24
29a,2026-10-09 01:00:00,,nema_citanja,2026-10-08 23:00:00+00:00,2026-10-09,1
29a,2026-10-09 02:00:00,,nema_citanja,2026-10-09 00:00:00+00:00,2026-10-09,2
29a,2026-10-09 03:00:00,,nema_citanja,2026-10-09 01:00:00+00:00,2026-10-09,3
29a,2026-10-09 04:00:00,,nema_citanja,2026-10-09 02:00:00+00:00,2026-10-09,4
29a,2026-10-09 05:00:00,,nema_citanja,2026-10-09 03:00:00+00:00,2026-10-09,5
29a,2026-10-09 06:00:00,,nema_citanja,2026-10-09 04:00:00+00:00,2026-10-09,6
29a,2026-10-09 07:00:00,,nema_citanja,2026-10-09 05:00:00+00:00,2026-10-09,7
29a,2026-10-09 08:00:00,,nema_citanja,2026-10-09 06:00:00+00:00,2026-10-09,8
29a,2026-10-09 09:00:00,,nema_citanja,2026-10-09 07:00:00+00:00,2026-10-09,9
29a,2026-10-09 10:00:00,,nema_citanja,2026-10-09 08:00:00+00:00,2026-10-09,10
29a,2026-10-09 11:00:00,,nema_citanja,2026-10-09 09:00:00+00:00,2026-10-09,11
29a,2026-10-09 12:00:00,,nema_citanja,2026-10-09 10:00:00+00:00,2026-10-09,12
29a,2026-10-09 13:00:00,,nema_citanja,2026-10-09 11:00:00+00:00,2026-10-09,13
29a,2026-10-09 14:00:00,,nema_citanja,2026-10-09 12:00:00+00:00,2026-10-09,14
29a,2026-10-09 15:00:00,,nema_citanja,2026-10-09 13:00:00+00:00,2026-10-09,15
29a,2026-10-09 16:00:00,95.0,,2026-10-09 14:00:00+00:00,2026-10-09,16
29a,2026-10-09 17:00:00,,nepotpun_sat,2026-10-09 15:00:00+00:00,2026-10-09,17
29a,2026-10-09 18:00:00,71.0,,2026-10-09 16:00:00+00:00,2026-10-09,18
29a,2026-10-09 19:00:00,73.0,,2026-10-09 17:00:00+00:00,2026-10-09,19
29a,2026-10-09 20:00:00,8.0,,2026-10-09 18:00:00+00:00,2026-10-09,20
29a,2026-10-09 21:00:00,20.0,,2026-10-09 19:00:00+00:00,2026-10-09,21
29a,2026-10-09 22:00:00,9.0,,2026-10-09 20:00:00+00:00,2026-10-09,22
29a,2026-10-09 23:00:00,9.0,,2026-10-09 21:00:00+00:00,2026-10-09,23
29a,2026-10-10 00:00:00,8.0,,2026-10-09 22:00:00+00:00,2026-10-09,24
29b,2026-10-09 01:00:00,,nema_citanja,2026-10-08 23:00:00+00:00,2026-10-09,1
29b,2026-10-09 02:00:00,,nema_citanja,2026-10-09 00:00:00+00:00,2026-10-09,2
29b,2026-10-09 03:00:00,,nema_citanja,2026-10-09 01:00:00+00:00,2026-10-09,3
29b,2026-10-09 04:00:00,,nema_citanja,2026-10-09 02:00:00+00:00,2026-10-09,4
29b,2026-10-09 05:00:00,,nema_citanja,2026-10-09 03:00:00+00:00,2026-10-09,5
29b,2026-10-09 06:00:00,,nema_citanja,2026-10-09 04:00:00+00:00,2026-10-09,6
29b,2026-10-09 07:00:00,,nema_citanja,2026-10-09 05:00:00+00:00,2026-10-09,7
29b,2026-10-09 08:00:00,,nema_citanja,2026-10-09 06:00:00+00:00,2026-10-09,8
29b,2026-10-09 09:00:00,,nema_citanja,2026-10-09 07:00:00+00:00,2026-10-09,9
29b,2026-10-09 10:00:00,,nema_citanja,2026-10-09 08:00:00+00:00,2026-10-09,10
29b,2026-10-09 11:00:00,,nema_citanja,2026-10-09 09:00:00+00:00,2026-10-09,11
29b,2026-10-09 12:00:00,,nema_citanja,2026-10-09 10:00:00+00:00,2026-10-09,12
29b,2026-10-09 13:00:00,,nema_citanja,2026-10-09 11:00:00+00:00,2026-10-09,13
29b,2026-10-09 14:00:00,,nema_citanja,2026-10-09 12:00:00+00:00,2026-10-09,14
29b,2026-10-09 15:00:00,,nema_citanja,2026-10-09 13:00:00+00:00,2026-10-09,15
29b,2026-10-09 16:00:00,44.0,,2026-10-09 14:00:00+00:00,2026-10-09,16
29b,2026-10-09 17:00:00,,nepotpun_sat,2026-10-09 15:00:00+00:00,2026-10-09,17
29b,2026-10-09 18:00:00,52.0,,2026-10-09 16:00:00+00:00,2026-10-09,18
29b,2026-10-09 19:00:00,88.0,,2026-10-09 17:00:00+00:00,2026-10-09,19
29b,2026-10-09 20:00:00,49.0,,2026-10-09 18:00:00+00:00,2026-10-09,20
29b,2026-10-09 21:00:00,35.0,,2026-10-09 19:00:00+00:00,2026-10-09,21
29b,2026-10-09 22:00:00,21.0,,2026-10-09 20:00:00+00:00,2026-10-09,22
29b,2026-10-09 23:00:00,24.0,,2026-10-09 21:00:00+00:00,2026-10-09,23
29b,2026-10-10 00:00:00,12.0,,2026-10-09 22:00:00+00:00,2026-10-09,24
30a,2026-10-09 01:00:00,,nema_citanja,2026-10-08 23:00:00+00:00,2026-10-09,1
30a,2026-10-09 02:00:00,,nema_citanja,2026-10-09 00:00:00+00:00,2026-10-09,2
30a,2026-10-09 03:00:00,,nema_citanja,2026-10-09 01:00:00+00:00,2026-10-09,3
30a,2026-10-09 04:00:00,,nema_citanja,2026-10-09 02:00:00+00:00,2026-10-09,4
30a,2026-10-09 05:00:00,,nema_citanja,2026-10-09 03:00:00+00:00,2026-10-09,5
30a,2026-10-09 06:00:00,,nema_citanja,2026-10-09 04:00:00+00:00,2026-10-09,6
30a,2026-10-09 07:00:00,,nema_citanja,2026-10-09 05:00:00+00:00,2026-10-09,7
30a,2026-10-09 08:00:00,,nema_citanja,2026-10-09 06:00:00+00:00,2026-10-09,8
30a,2026-10-09 09:00:00,,nema_citanja,2026-10-09 07:00:00+00:00,2026-10-09,9
30a,2026-10-09 10:00:00,,nema_citanja,2026-10-09 08:00:00+00:00,2026-10-09,10
30a,2026-10-09 11:00:00,,nema_citanja,2026-10-09 09:00:00+00:00,2026-10-09,11
30a,2026-10-09 12:00:00,,nema_citanja,2026-10-09 10:00:00+00:00,2026-10-09,12
30a,2026-10-09 13:00:00,,nema_citanja,2026-10-09 11:00:00+00:00,2026-10-09,13
30a,2026-10-09 14:00:00,,nema_citanja,2026-10-09 12:00:00+00:00,2026-10-09,14
30a,2026-10-09 15:00:00,,nema_citanja,2026-10-09 13:00:00+00:00,2026-10-09,15
30a,2026-10-09 16:00:00,83.0,,2026-10-09 14:00:00+00:00,2026-10-09,16
30a,2026-10-09 17:00:00,,nepotpun_sat,2026-10-09 15:00:00+00:00,2026-10-09,17
30a,2026-10-09 18:00:00,113.0,,2026-10-09 16:00:00+00:00,2026-10-09,18
30a,2026-10-09 19:00:00,93.0,,2026-10-09 17:00:00+00:00,2026-10-09,19
30a,2026-10-09 20:00:00,90.0,,2026-10-09 18:00:00+00:00,2026-10-09,20
30a,2026-10-09 21:00:00,67.0,,2026-10-09 19:00:00+00:00,2026-10-09,21
30a,2026-10-09 22:00:00,60.0,,2026-10-09 20:00:00+00:00,2026-10-09,22
30a,2026-10-09 23:00:00,20.0,,2026-10-09 21:00:00+00:00,2026-10-09,23
30a,2026-10-10 00:00:00,25.0,,2026-10-09 22:00:00+00:00,2026-10-09,24
30b,2026-10-09 01:00:00,,nema_citanja,2026-10-08 23:00:00+00:00,2026-10-09,1
30b,2026-10-09 02:00:00,,nema_citanja,2026-10-09 00:00:00+00:00,2026-10-09,2
30b,2026-10-09 03:00:00,,nema_citanja,2026-10-09 01:00:00+00:00,2026-10-09,3
30b,2026-10-09 04:00:00,,nema_citanja,2026-10-09 02:00:00+00:00,2026-10-09,4
30b,2026-10-09 05:00:00,,nema_citanja,2026-10-09 03:00:00+00:00,2026-10-09,5
30b,2026-10-09 06:00:00,,nema_citanja,2026-10-09 04:00:00+00:00,2026-10-09,6
30b,2026-10-09 07:00:00,,nema_citanja,2026-10-09 05:00:00+00:00,2026-10-09,7
30b,2026-10-09 08:00:00,,nema_citanja,2026-10-09 06:00:00+00:00,2026-10-09,8
30b,2026-10-09 09:00:00,,nema_citanja,2026-10-09 07:00:00+00:00,2026-10-09,9
30b,2026-10-09 10:00:00,,nema_citanja,2026-10-09 08:00:00+00:00,2026-10-09,10
30b,2026-10-09 11:00:00,,nema_citanja,2026-10-09 09:00:00+00:00,2026-10-09,11
30b,2026-10-09 12:00:00,,nema_citanja,2026-10-09 10:00:00+00:00,2026-10-09,12
30b,2026-10-09 13:00:00,,nema_citanja,2026-10-09 11:00:00+00:00,2026-10-09,13
30b,2026-10-09 14:00:00,,nema_citanja,2026-10-09 12:00:00+00:00,2026-10-09,14
30b,2026-10-09 15:00:00,,nema_citanja,2026-10-09 13:00:00+00:00,2026-10-09,15
30b,2026-10-09 16:00:00,113.0,,2026-10-09 14:00:00+00:00,2026-10-09,16
30b,2026-10-09 17:00:00,,nepotpun_sat,2026-10-09 15:00:00+00:00,2026-10-09,17
30b,2026-10-09 18:00:00,123.0,,2026-10-09 16:00:00+00:00,2026-10-09,18
30b,2026-10-09 19:00:00,142.0,,2026-10-09 17:00:00+00:00,2026-10-09,19
30b,2026-10-09 20:00:00,109.0,,2026-10-09 18:00:00+00:00,2026-10-09,20
30b,2026-10-09 21:00:00,109.0,,2026-10-09 19:00:00+00:00,2026-10-09,21
30b,2026-10-09 22:00:00,84.0,,2026-10-09 20:00:00+00:00,2026-10-09,22
30b,2026-10-09 23:00:00,54.0,,2026-10-09 21:00:00+00:00,2026-10-09,23
30b,2026-10-10 00:00:00,21.0,,2026-10-09 22:00:00+00:00,2026-10-09,24
31b,2026-10-09 01:00:00,,nema_citanja,2026-10-08 23:00:00+00:00,2026-10-09,1
31b,2026-10-09 02:00:00,,nema_citanja,2026-10-09 00:00:00+00:00,2026-10-09,2
31b,2026-10-09 03:00:00,,nema_citanja,2026-10-09 01:00:00+00:00,2026-10-09,3
31b,2026-10-09 04:00:00,,nema_citanja,2026-10-09 02:00:00+00:00,2026-10-09,4
31b,2026-10-09 05:00:00,,nema_citanja,2026-10-09 03:00:00+00:00,2026-10-09,5
31b,2026-10-09 06:00:00,,nema_citanja,2026-10-09 04:00:00+00:00,2026-10-09,6
31b,2026-10-09 07:00:00,,nema_citanja,2026-10-09 05:00:00+00:00,2026-10-09,7
31b,2026-10-09 08:00:00,,nema_citanja,2026-10-09 06:00:00+00:00,2026-10-09,8
31b,2026-10-09 09:00:00,,nema_citanja,2026-10-09 07:00:00+00:00,2026-10-09,9
31b,2026-10-09 10:00:00,,nema_citanja,2026-10-09 08:00:00+00:00,2026-10-09,10
31b,2026-10-09 11:00:00,,nema_citanja,2026-10-09 09:00:00+00:00,2026-10-09,11
31b,2026-10-09 12:00:00,,nema_citanja,2026-10-09 10:00:00+00:00,2026-10-09,12
31b,2026-10-09 13:00:00,,nema_citanja,2026-10-09 11:00:00+00:00,2026-10-09,13
31b,2026-10-09 14:00:00,,nema_citanja,2026-10-09 12:00:00+00:00,2026-10-09,14
31b,2026-10-09 15:00:00,,nema_citanja,2026-10-09 13:00:00+00:00,2026-10-09,15
31b,2026-10-09 16:00:00,95.0,,2026-10-09 14:00:00+00:00,2026-10-09,16
31b,2026-10-09 17:00:00,,nepotpun_sat,2026-10-09 15:00:00+00:00,2026-10-09,17
31b,2026-10-09 18:00:00,144.0,,2026-10-09 16:00:00+00:00,2026-10-09,18
31b,2026-10-09 19:00:00,141.0,,2026-10-09 17:00:00+00:00,2026-10-09,19
31b,2026-10-09 20:00:00,163.0,,2026-10-09 18:00:00+00:00,2026-10-09,20
31b,2026-10-09 21:00:00,71.0,,2026-10-09 19:00:00+00:00,2026-10-09,21
31b,2026-10-09 22:00:00,95.0,,2026-10-09 20:00:00+00:00,2026-10-09,22
31b,2026-10-09 23:00:00,78.0,,2026-10-09 21:00:00+00:00,2026-10-09,23
31b,2026-10-10 00:00:00,26.0,,2026-10-09 22:00:00+00:00,2026-10-09,24
34a,2026-10-09 01:00:00,,nema_citanja,2026-10-08 23:00:00+00:00,2026-10-09,1
34a,2026-10-09 02:00:00,,nema_citanja,2026-10-09 00:00:00+00:00,2026-10-09,2
34a,2026-10-09 03:00:00,,nema_citanja,2026-10-09 01:00:00+00:00,2026-10-09,3
34a,2026-10-09 04:00:00,,nema_citanja,2026-10-09 02:00:00+00:00,2026-10-09,4
34a,2026-10-09 05:00:00,,nema_citanja,2026-10-09 03:00:00+00:00,2026-10-09,5
34a,2026-10-09 06:00:00,,nema_citanja,2026-10-09 04:00:00+00:00,2026-10-09,6
34a,2026-10-09 07:00:00,,nema_citanja,2026-10-09 05:00:00+00:00,2026-10-09,7
34a,2026-10-09 08:00:00,,nema_citanja,2026-10-09 06:00:00+00:00,2026-10-09,8
34a,2026-10-09 09:00:00,,nema_citanja,2026-10-09 07:00:00+00:00,2026-10-09,9
34a,2026-10-09 10:00:00,,nema_citanja,2026-10-09 08:00:00+00:00,2026-10-09,10
34a,2026-10-09 11:00:00,,nema_citanja,2026-10-09 09:00:00+00:00,2026-10-09,11
34a,2026-10-09 12:00:00,,nema_citanja,2026-10-09 10:00:00+00:00,2026-10-09,12
34a,2026-10-09 13:00:00,,nema_citanja,2026-10-09 11:00:00+00:00,2026-10-09,13
34a,2026-10-09 14:00:00,,nema_citanja,2026-10-09 12:00:00+00:00,2026-10-09,14
34a,2026-10-09 15:00:00,,nema_citanja,2026-10-09 13:00:00+00:00,2026-10-09,15
34a,2026-10-09 16:00:00,332.0,,2026-10-09 14:00:00+00:00,2026-10-09,16
34a,2026-10-09 17:00:00,,nepotpun_sat,2026-10-09 15:00:00+00:00,2026-10-09,17
34a,2026-10-09 18:00:00,220.0,,2026-10-09 16:00:00+00:00,2026-10-09,18
34a,2026-10-09 19:00:00,271.0,,2026-10-09 17:00:00+00:00,2026-10-09,19
34a,2026-10-09 20:00:00,250.0,,2026-10-09 18:00:00+00:00,2026-10-09,20
34a,2026-10-09 21:00:00,213.0,,2026-10-09 19:00:00+00:00,2026-10-09,21
34a,2026-10-09 22:00:00,164.0,,2026-10-09 20:00:00+00:00,2026-10-09,22
34a,2026-10-09 23:00:00,137.0,,2026-10-09 21:00:00+00:00,2026-10-09,23
34a,2026-10-10 00:00:00,81.0,,2026-10-09 22:00:00+00:00,2026-10-09,24
34b,2026-10-09 01:00:00,,nema_citanja,2026-10-08 23:00:00+00:00,2026-10-09,1
34b,2026-10-09 02:00:00,,nema_citanja,2026-10-09 00:00:00+00:00,2026-10-09,2
34b,2026-10-09 03:00:00,,nema_citanja,2026-10-09 01:00:00+00:00,2026-10-09,3
34b,2026-10-09 04:00:00,,nema_citanja,2026-10-09 02:00:00+00:00,2026-10-09,4
34b,2026-10-09 05:00:00,,nema_citanja,2026-10-09 03:00:00+00:00,2026-10-09,5
34b,2026-10-09 06:00:00,,nema_citanja,2026-10-09 04:00:00+00:00,2026-10-09,6
34b,2026-10-09 07:00:00,,nema_citanja,2026-10-09 05:00:00+00:00,2026-10-09,7
34b,2026-10-09 08:00:00,,nema_citanja,2026-10-09 06:00:00+00:00,2026-10-09,8
34b,2026-10-09 09:00:00,,nema_citanja,2026-10-09 07:00:00+00:00,2026-10-09,9
34b,2026-10-09 10:00:00,,nema_citanja,2026-10-09 08:00:00+00:00,2026-10-09,10
34b,2026-10-09 11:00:00,,nema_citanja,2026-10-09 09:00:00+00:00,2026-10-09,11
34b,2026-10-09 12:00:00,,nema_citanja,2026-10-09 10:00:00+00:00,2026-10-09,12
34b,2026-10-09 13:00:00,,nema_citanja,2026-10-09 11:00:00+00:00,2026-10-09,13
34b,2026-10-09 14:00:00,,nema_citanja,2026-10-09 12:00:00+00:00,2026-10-09,14
34b,2026-10-09 15:00:00,,nema_citanja,2026-10-09 13:00:00+00:00,2026-10-09,15
34b,2026-10-09 16:00:00,127.0,,2026-10-09 14:00:00+00:00,2026-10-09,16
34b,2026-10-09 17:00:00,,nepotpun_sat,2026-10-09 15:00:00+00:00,2026-10-09,17
34b,2026-10-09 18:00:00,135.0,,2026-10-09 16:00:00+00:00,2026-10-09,18
34b,2026-10-09 19:00:00,101.0,,2026-10-09 17:00:00+00:00,2026-10-09,19
34b,2026-10-09 20:00:00,106.0,,2026-10-09 18:00:00+00:00,2026-10-09,20
34b,2026-10-09 21:00:00,89.0,,2026-10-09 19:00:00+00:00,2026-10-09,21
34b,2026-10-09 22:00:00,46.0,,2026-10-09 20:00:00+00:00,2026-10-09,22
34b,2026-10-09 23:00:00,34.0,,2026-10-09 21:00:00+00:00,2026-10-09,23
34b,2026-10-10 00:00:00,28.0,,2026-10-09 22:00:00+00:00,2026-10-09,24
36a,2026-10-09 01:00:00,,nema_citanja,2026-10-08 23:00:00+00:00,2026-10-09,1
36a,2026-10-09 02:00:00,,nema_citanja,2026-10-09 00:00:00+00:00,2026-10-09,2
36a,2026-10-09 03:00:00,,nema_citanja,2026-10-09 01:00:00+00:00,2026-10-09,3
36a,2026-10-09 04:00:00,,nema_citanja,2026-10-09 02:00:00+00:00,2026-10-09,4
36a,2026-10-09 05:00:00,,nema_citanja,2026-10-09 03:00:00+00:00,2026-10-09,5
36a,2026-10-09 06:00:00,,nema_citanja,2026-10-09 04:00:00+00:00,2026-10-09,6
36a,2026-10-09 07:00:00,,nema_citanja,2026-10-09 05:00:00+00:00,2026-10-09,7
36a,2026-10-09 08:00:00,,nema_citanja,2026-10-09 06:00:00+00:00,2026-10-09,8
36a,2026-10-09 09:00:00,,nema_citanja,2026-10-09 07:00:00+00:00,2026-10-09,9
36a,2026-10-09 10:00:00,,nema_citanja,2026-10-09 08:00:00+00:00,2026-10-09,10
36a,2026-10-09 11:00:00,,nema_citanja,2026-10-09 09:00:00+00:00,2026-10-09,11
36a,2026-10-09 12:00:00,,nema_citanja,2026-10-09 10:00:00+00:00,2026-10-09,12
36a,2026-10-09 13:00:00,,nema_citanja,2026-10-09 11:00:00+00:00,2026-10-09,13
36a,2026-10-09 14:00:00,,nema_citanja,2026-10-09 12:00:00+00:00,2026-10-09,14
36a,2026-10-09 15:00:00,,nema_citanja,2026-10-09 13:00:00+00:00,2026-10-09,15
36a,2026-10-09 16:00:00,110.0,,2026-10-09 14:00:00+00:00,2026-10-09,16
36a,2026-10-09 17:00:00,,nepotpun_sat,2026-10-09 15:00:00+00:00,2026-10-09,17
36a,2026-10-09 18:00:00,119.0,,2026-10-09 16:00:00+00:00,2026-10-09,18
36a,2026-10-09 19:00:00,176.0,,2026-10-09 17:00:00+00:00,2026-10-09,19
36a,2026-10-09 20:00:00,194.0,,2026-10-09 18:00:00+00:00,2026-10-09,20
36a,2026-10-09 21:00:00,146.0,,2026-10-09 19:00:00+00:00,2026-10-09,21
36a,2026-10-09 22:00:00,128.0,,2026-10-09 20:00:00+00:00,2026-10-09,22
36a,2026-10-09 23:00:00,76.0,,2026-10-09 21:00:00+00:00,2026-10-09,23
36a,2026-10-10 00:00:00,51.0,,2026-10-09 22:00:00+00:00,2026-10-09,24
36b,2026-10-09 01:00:00,,nema_citanja,2026-10-08 23:00:00+00:00,2026-10-09,1
36b,2026-10-09 02:00:00,,nema_citanja,2026-10-09 00:00:00+00:00,2026-10-09,2
36b,2026-10-09 03:00:00,,nema_citanja,2026-10-09 01:00:00+00:00,2026-10-09,3
36b,2026-10-09 04:00:00,,nema_citanja,2026-10-09 02:00:00+00:00,2026-10-09,4
36b,2026-10-09 05:00:00,,nema_citanja,2026-10-09 03:00:00+00:00,2026-10-09,5
36b,2026-10-09 06:00:00,,nema_citanja,2026-10-09 04:00:00+00:00,2026-10-09,6
36b,2026-10-09 07:00:00,,nema_citanja,2026-10-09 05:00:00+00:00,2026-10-09,7
36b,2026-10-09 08:00:00,,nema_citanja,2026-10-09 06:00:00+00:00,2026-10-09,8
36b,2026-10-09 09:00:00,,nema_citanja,2026-10-09 07:00:00+00:00,2026-10-09,9
36b,2026-10-09 10:00:00,,nema_citanja,2026-10-09 08:00:00+00:00,2026-10-09,10
36b,2026-10-09 11:00:00,,nema_citanja,2026-10-09 09:00:00+00:00,2026-10-09,11
36b,2026-10-09 12:00:00,,nema_citanja,2026-10-09 10:00:00+00:00,2026-10-09,12
36b,2026-10-09 13:00:00,,nema_citanja,2026-10-09 11:00:00+00:00,2026-10-09,13
36b,2026-10-09 14:00:00,,nema_citanja,2026-10-09 12:00:00+00:00,2026-10-09,14
36b,2026-10-09 15:00:00,,nema_citanja,2026-10-09 13:00:00+00:00,2026-10-09,15
36b,2026-10-09 16:00:00,43.0,,2026-10-09 14:00:00+00:00,2026-10-09,16
36b,2026-10-09 17:00:00,,nepotpun_sat,2026-10-09 15:00:00+00:00,2026-10-09,17
36b,2026-10-09 18:00:00,57.0,,2026-10-09 16:00:00+00:00,2026-10-09,18
36b,2026-10-09 19:00:00,60.0,,2026-10-09 17:00:00+00:00,2026-10-09,19
36b,2026-10-09 20:00:00,36.0,,2026-10-09 18:00:00+00:00,2026-10-09,20
36b,2026-10-09 21:00:00,34.0,,2026-10-09 19:00:00+00:00,2026-10-09,21
36b,2026-10-09 22:00:00,38.0,,2026-10-09 20:00:00+00:00,2026-10-09,22
36b,2026-10-09 23:00:00,20.0,,2026-10-09 21:00:00+00:00,2026-10-09,23
36b,2026-10-10 00:00:00,19.0,,2026-10-09 22:00:00+00:00,2026-10-09,24
37a,2026-10-09 01:00:00,,nema_citanja,2026-10-08 23:00:00+00:00,2026-10-09,1
37a,2026-10-09 02:00:00,,nema_citanja,2026-10-09 00:00:00+00:00,2026-10-09,2
37a,2026-10-09 03:00:00,,nema_citanja,2026-10-09 01:00:00+00:00,2026-10-09,3
37a,2026-10-09 04:00:00,,nema_citanja,2026-10-09 02:00:00+00:00,2026-10-09,4
37a,2026-10-09 05:00:00,,nema_citanja,2026-10-09 03:00:00+00:00,2026-10-09,5
37a,2026-10-09 06:00:00,,nema_citanja,2026-10-09 04:00:00+00:00,2026-10-09,6
37a,2026-10-09 07:00:00,,nema_citanja,2026-10-09 05:00:00+00:00,2026-10-09,7
37a,2026-10-09 08:00:00,,nema_citanja,2026-10-09 06:00:00+00:00,2026-10-09,8
37a,2026-10-09 09:00:00,,nema_citanja,2026-10-09 07:00:00+00:00,2026-10-09,9
37a,2026-10-09 10:00:00,,nema_citanja,2026-10-09 08:00:00+00:00,2026-10-09,10
37a,2026-10-09 11:00:00,,nema_citanja,2026-10-09 09:00:00+00:00,2026-10-09,11
37a,2026-10-09 12:00:00,,nema_citanja,2026-10-09 10:00:00+00:00,2026-10-09,12
37a,2026-10-09 13:00:00,,nema_citanja,2026-10-09 11:00:00+00:00,2026-10-09,13
37a,2026-10-09 14:00:00,,nema_citanja,2026-10-09 12:00:00+00:00,2026-10-09,14
37a,2026-10-09 15:00:00,,nema_citanja,2026-10-09 13:00:00+00:00,2026-10-09,15
37a,2026-10-09 16:00:00,16.0,,2026-10-09 14:00:00+00:00,2026-10-09,16
37a,2026-10-09 17:00:00,,nepotpun_sat,2026-10-09 15:00:00+00:00,2026-10-09,17
37a,2026-10-09 18:00:00,32.0,,2026-10-09 16:00:00+00:00,2026-10-09,18
37a,2026-10-09 19:00:00,23.0,,2026-10-09 17:00:00+00:00,2026-10-09,19
37a,2026-10-09 20:00:00,8.0,,2026-10-09 18:00:00+00:00,2026-10-09,20
37a,2026-10-09 21:00:00,18.0,,2026-10-09 19:00:00+00:00,2026-10-09,21
37a,2026-10-09 22:00:00,9.0,,2026-10-09 20:00:00+00:00,2026-10-09,22
37a,2026-10-09 23:00:00,6.0,,2026-10-09 21:00:00+00:00,2026-10-09,23
37a,2026-10-10 00:00:00,3.0,,2026-10-09 22:00:00+00:00,2026-10-09,24
38a,2026-10-09 01:00:00,,nema_citanja,2026-10-08 23:00:00+00:00,2026-10-09,1
38a,2026-10-09 02:00:00,,nema_citanja,2026-10-09 00:00:00+00:00,2026-10-09,2
38a,2026-10-09 03:00:00,,nema_citanja,2026-10-09 01:00:00+00:00,2026-10-09,3
38a,2026-10-09 04:00:00,,nema_citanja,2026-10-09 02:00:00+00:00,2026-10-09,4
38a,2026-10-09 05:00:00,,nema_citanja,2026-10-09 03:00:00+00:00,2026-10-09,5
38a,2026-10-09 06:00:00,,nema_citanja,2026-10-09 04:00:00+00:00,2026-10-09,6
38a,2026-10-09 07:00:00,,nema_citanja,2026-10-09 05:00:00+00:00,2026-10-09,7
38a,2026-10-09 08:00:00,,nema_citanja,2026-10-09 06:00:00+00:00,2026-10-09,8
38a,2026-10-09 09:00:00,,nema_citanja,2026-10-09 07:00:00+00:00,2026-10-09,9
38a,2026-10-09 10:00:00,,nema_citanja,2026-10-09 08:00:00+00:00,2026-10-09,10
38a,2026-10-09 11:00:00,,nema_citanja,2026-10-09 09:00:00+00:00,2026-10-09,11
38a,2026-10-09 12:00:00,,nema_citanja,2026-10-09 10:00:00+00:00,2026-10-09,12
38a,2026-10-09 13:00:00,,nema_citanja,2026-10-09 11:00:00+00:00,2026-10-09,13
38a,2026-10-09 14:00:00,,nema_citanja,2026-10-09 12:00:00+00:00,2026-10-09,14
38a,2026-10-09 15:00:00,,nema_citanja,2026-10-09 13:00:00+00:00,2026-10-09,15
38a,2026-10-09 16:00:00,90.0,,2026-10-09 14:00:00+00:00,2026-10-09,16
38a,2026-10-09 17:00:00,,nepotpun_sat,2026-10-09 15:00:00+00:00,2026-10-09,17
38a,2026-10-09 18:00:00,81.0,,2026-10-09 16:00:00+00:00,2026-10-09,18
38a,2026-10-09 19:00:00,53.0,,2026-10-09 17:00:00+00:00,2026-10-09,19
38a,2026-10-09 20:00:00,59.0,,2026-10-09 18:00:00+00:00,2026-10-09,20
38a,2026-10-09 21:00:00,69.0,,2026-10-09 19:00:00+00:00,2026-10-09,21
38a,2026-10-09 22:00:00,47.0,,2026-10-09 20:00:00+00:00,2026-10-09,22
38a,2026-10-09 23:00:00,21.0,,2026-10-09 21:00:00+00:00,2026-10-09,23
38a,2026-10-10 00:00:00,15.0,,2026-10-09 22:00:00+00:00,2026-10-09,24
38b,2026-10-09 01:00:00,,nema_citanja,2026-10-08 23:00:00+00:00,2026-10-09,1
38b,2026-10-09 02:00:00,,nema_citanja,2026-10-09 00:00:00+00:00,2026-10-09,2
38b,2026-10-09 03:00:00,,nema_citanja,2026-10-09 01:00:00+00:00,2026-10-09,3
38b,2026-10-09 04:00:00,,nema_citanja,2026-10-09 02:00:00+00:00,2026-10-09,4
38b,2026-10-09 05:00:00,,nema_citanja,2026-10-09 03:00:00+00:00,2026-10-09,5
38b,2026-10-09 06:00:00,,nema_citanja,2026-10-09 04:00:00+00:00,2026-10-09,6
38b,2026-10-09 07:00:00,,nema_citanja,2026-10-09 05:00:00+00:00,2026-10-09,7
38b,2026-10-09 08:00:00,,nema_citanja,2026-10-09 06:00:00+00:00,2026-10-09,8
38b,2026-10-09 09:00:00,,nema_citanja,2026-10-09 07:00:00+00:00,2026-10-09,9
38b,2026-10-09 10:00:00,,nema_citanja,2026-10-09 08:00:00+00:00,2026-10-09,10
38b,2026-10-09 11:00:00,,nema_citanja,2026-10-09 09:00:00+00:00,2026-10-09,11
38b,2026-10-09 12:00:00,,nema_citanja,2026-10-09 10:00:00+00:00,2026-10-09,12
38b,2026-10-09 13:00:00,,nema_citanja,2026-10-09 11:00:00+00:00,2026-10-09,13
38b,2026-10-09 14:00:00,,nema_citanja,2026-10-09 12:00:00+00:00,2026-10-09,14
38b,2026-10-09 15:00:00,,nema_citanja,2026-10-09 13:00:00+00:00,2026-10-09,15
38b,2026-10-09 16:00:00,83.0,,2026-10-09 14:00:00+00:00,2026-10-09,16
38b,2026-10-09 17:00:00,,nepotpun_sat,2026-10-09 15:00:00+00:00,2026-10-09,17
38b,2026-10-09 18:00:00,96.0,,2026-10-09 16:00:00+00:00,2026-10-09,18
38b,2026-10-09 19:00:00,82.0,,2026-10-09 17:00:00+00:00,2026-10-09,19
38b,2026-10-09 20:00:00,97.0,,2026-10-09 18:00:00+00:00,2026-10-09,20
38b,2026-10-09 21:00:00,68.0,,2026-10-09 19:00:00+00:00,2026-10-09,21
38b,2026-10-09 22:00:00,37.0,,2026-10-09 20:00:00+00:00,2026-10-09,22
38b,2026-10-09 23:00:00,38.0,,2026-10-09 21:00:00+00:00,2026-10-09,23
38b,2026-10-10 00:00:00,34.0,,2026-10-09 22:00:00+00:00,2026-10-09,24
39a,2026-10-09 01:00:00,,nema_citanja,2026-10-08 23:00:00+00:00,2026-10-09,1
39a,2026-10-09 02:00:00,,nema_citanja,2026-10-09 00:00:00+00:00,2026-10-09,2
39a,2026-10-09 03:00:00,,nema_citanja,2026-10-09 01:00:00+00:00,2026-10-09,3
39a,2026-10-09 04:00:00,,nema_citanja,2026-10-09 02:00:00+00:00,2026-10-09,4
39a,2026-10-09 05:00:00,,nema_citanja,2026-10-09 03:00:00+00:00,2026-10-09,5
39a,2026-10-09 06:00:00,,nema_citanja,2026-10-09 04:00:00+00:00,2026-10-09,6
39a,2026-10-09 07:00:00,,nema_citanja,2026-10-09 05:00:00+00:00,2026-10-09,7
39a,2026-10-09 08:00:00,,nema_citanja,2026-10-09 06:00:00+00:00,2026-10-09,8
39a,2026-10-09 09:00:00,,nema_citanja,2026-10-09 07:00:00+00:00,2026-10-09,9
39a,2026-10-09 10:00:00,,nema_citanja,2026-10-09 08:00:00+00:00,2026-10-09,10
39a,2026-10-09 11:00:00,,nema_citanja,2026-10-09 09:00:00+00:00,2026-10-09,11
39a,2026-10-09 12:00:00,,nema_citanja,2026-10-09 10:00:00+00:00,2026-10-09,12
39a,2026-10-09 13:00:00,,nema_citanja,2026-10-09 11:00:00+00:00,2026-10-09,13
39a,2026-10-09 14:00:00,,nema_citanja,2026-10-09 12:00:00+00:00,2026-10-09,14
39a,2026-10-09 15:00:00,,nema_citanja,2026-10-09 13:00:00+00:00,2026-10-09,15
39a,2026-10-09 16:00:00,56.0,,2026-10-09 14:00:00+00:00,2026-10-09,16
39a,2026-10-09 17:00:00,,nepotpun_sat,2026-10-09 15:00:00+00:00,2026-10-09,17
39a,2026-10-09 18:00:00,58.0,,2026-10-09 16:00:00+00:00,2026-10-09,18
39a,2026-10-09 19:00:00,40.0,,2026-10-09 17:00:00+00:00,2026-10-09,19
39a,2026-10-09 20:00:00,22.0,,2026-10-09 18:00:00+00:00,2026-10-09,20
39a,2026-10-09 21:00:00,22.0,,2026-10-09 19:00:00+00:00,2026-10-09,21
39a,2026-10-09 22:00:00,27.0,,2026-10-09 20:00:00+00:00,2026-10-09,22
39a,2026-10-09 23:00:00,12.0,,2026-10-09 21:00:00+00:00,2026-10-09,23
39a,2026-10-10 00:00:00,6.0,,2026-10-09 22:00:00+00:00,2026-10-09,24
39b,2026-10-09 01:00:00,,nema_citanja,2026-10-08 23:00:00+00:00,2026-10-09,1
39b,2026-10-09 02:00:00,,nema_citanja,2026-10-09 00:00:00+00:00,2026-10-09,2
39b,2026-10-09 03:00:00,,nema_citanja,2026-10-09 01:00:00+00:00,2026-10-09,3
39b,2026-10-09 04:00:00,,nema_citanja,2026-10-09 02:00:00+00:00,2026-10-09,4
39b,2026-10-09 05:00:00,,nema_citanja,2026-10-09 03:00:00+00:00,2026-10-09,5
39b,2026-10-09 06:00:00,,nema_citanja,2026-10-09 04:00:00+00:00,2026-10-09,6
39b,2026-10-09 07:00:00,,nema_citanja,2026-10-09 05:00:00+00:00,2026-10-09,7
39b,2026-10-09 08:00:00,,nema_citanja,2026-10-09 06:00:00+00:00,2026-10-09,8
39b,2026-10-09 09:00:00,,nema_citanja,2026-10-09 07:00:00+00:00,2026-10-09,9
39b,2026-10-09 10:00:00,,nema_citanja,2026-10-09 08:00:00+00:00,2026-10-09,10
39b,2026-10-09 11:00:00,,nema_citanja,2026-10-09 09:00:00+00:00,2026-10-09,11
39b,2026-10-09 12:00:00,,nema_citanja,2026-10-09 10:00:00+00:00,2026-10-09,12
39b,2026-10-09 13:00:00,,nema_citanja,2026-10-09 11:00:00+00:00,2026-10-09,13
39b,2026-10-09 14:00:00,,nema_citanja,2026-10-09 12:00:00+00:00,2026-10-09,14
39b,2026-10-09 15:00:00,,nema_citanja,2026-10-09 13:00:00+00:00,2026-10-09,15
39b,2026-10-09 16:00:00,58.0,,2026-10-09 14:00:00+00:00,2026-10-09,16
39b,2026-10-09 17:00:00,,nepotpun_sat,2026-10-09 15:00:00+00:00,2026-10-09,17
39b,2026-10-09 18:00:00,82.0,,2026-10-09 16:00:00+00:00,2026-10-09,18
39b,2026-10-09 19:00:00,45.0,,2026-10-09 17:00:00+00:00,2026-10-09,19
39b,2026-10-09 20:00:00,39.0,,2026-10-09 18:00:00+00:00,2026-10-09,20
39b,2026-10-09 21:00:00,45.0,,2026-10-09 19:00:00+00:00,2026-10-09,21
39b,2026-10-09 22:00:00,43.0,,2026-10-09 20:00:00+00:00,2026-10-09,22
39b,2026-10-09 23:00:00,20.0,,2026-10-09 21:00:00+00:00,2026-10-09,23
39b,2026-10-10 00:00:00,11.0,,2026-10-09 22:00:00+00:00,2026-10-09,24
40a,2026-10-09 01:00:00,,nema_citanja,2026-10-08 23:00:00+00:00,2026-10-09,1
40a,2026-10-09 02:00:00,,nema_citanja,2026-10-09 00:00:00+00:00,2026-10-09,2
40a,2026-10-09 03:00:00,,nema_citanja,2026-10-09 01:00:00+00:00,2026-10-09,3
40a,2026-10-09 04:00:00,,nema_citanja,2026-10-09 02:00:00+00:00,2026-10-09,4
40a,2026-10-09 05:00:00,,nema_citanja,2026-10-09 03:00:00+00:00,2026-10-09,5
40a,2026-10-09 06:00:00,,nema_citanja,2026-10-09 04:00:00+00:00,2026-10-09,6
40a,2026-10-09 07:00:00,,nema_citanja,2026-10-09 05:00:00+00:00,2026-10-09,7
40a,2026-10-09 08:00:00,,nema_citanja,2026-10-09 06:00:00+00:00,2026-10-09,8
40a,2026-10-09 09:00:00,,nema_citanja,2026-10-09 07:00:00+00:00,2026-10-09,9
40a,2026-10-09 10:00:00,,nema_citanja,2026-10-09 08:00:00+00:00,2026-10-09,10
40a,2026-10-09 11:00:00,,nema_citanja,2026-10-09 09:00:00+00:00,2026-10-09,11
40a,2026-10-09 12:00:00,,nema_citanja,2026-10-09 10:00:00+00:00,2026-10-09,12
40a,2026-10-09 13:00:00,,nema_citanja,2026-10-09 11:00:00+00:00,2026-10-09,13
40a,2026-10-09 14:00:00,,nema_citanja,2026-10-09 12:00:00+00:00,2026-10-09,14
40a,2026-10-09 15:00:00,,nema_citanja,2026-10-09 13:00:00+00:00,2026-10-09,15
40a,2026-10-09 16:00:00,69.0,,2026-10-09 14:00:00+00:00,2026-10-09,16
40a,2026-10-09 17:00:00,,nepotpun_sat,2026-10-09 15:00:00+00:00,2026-10-09,17
40a,2026-10-09 18:00:00,100.0,,2026-10-09 16:00:00+00:00,2026-10-09,18
40a,2026-10-09 19:00:00,91.0,,2026-10-09 17:00:00+00:00,2026-10-09,19
40a,2026-10-09 20:00:00,89.0,,2026-10-09 18:00:00+00:00,2026-10-09,20
40a,2026-10-09 21:00:00,80.0,,2026-10-09 19:00:00+00:00,2026-10-09,21
40a,2026-10-09 22:00:00,51.0,,2026-10-09 20:00:00+00:00,2026-10-09,22
40a,2026-10-09 23:00:00,27.0,,2026-10-09 21:00:00+00:00,2026-10-09,23
40a,2026-10-10 00:00:00,15.0,,2026-10-09 22:00:00+00:00,2026-10-09,24
40b,2026-10-09 01:00:00,,nema_citanja,2026-10-08 23:00:00+00:00,2026-10-09,1
40b,2026-10-09 02:00:00,,nema_citanja,2026-10-09 00:00:00+00:00,2026-10-09,2
40b,2026-10-09 03:00:00,,nema_citanja,2026-10-09 01:00:00+00:00,2026-10-09,3
40b,2026-10-09 04:00:00,,nema_citanja,2026-10-09 02:00:00+00:00,2026-10-09,4
40b,2026-10-09 05:00:00,,nema_citanja,2026-10-09 03:00:00+00:00,2026-10-09,5
40b,2026-10-09 06:00:00,,nema_citanja,2026-10-09 04:00:00+00:00,2026-10-09,6
40b,2026-10-09 07:00:00,,nema_citanja,2026-10-09 05:00:00+00:00,2026-10-09,7
40b,2026-10-09 08:00:00,,nema_citanja,2026-10-09 06:00:00+00:00,2026-10-09,8
40b,2026-10-09 09:00:00,,nema_citanja,2026-10-09 07:00:00+00:00,2026-10-09,9
40b,2026-10-09 10:00:00,,nema_citanja,2026-10-09 08:00:00+00:00,2026-10-09,10
40b,2026-10-09 11:00:00,,nema_citanja,2026-10-09 09:00:00+00:00,2026-10-09,11
40b,2026-10-09 12:00:00,,nema_citanja,2026-10-09 10:00:00+00:00,2026-10-09,12
40b,2026-10-09 13:00:00,,nema_citanja,2026-10-09 11:00:00+00:00,2026-10-09,13
40b,2026-10-09 14:00:00,,nema_citanja,2026-10-09 12:00:00+00:00,2026-10-09,14
40b,2026-10-09 15:00:00,,nema_citanja,2026-10-09 13:00:00+00:00,2026-10-09,15
40b,2026-10-09 16:00:00,64.0,,2026-10-09 14:00:00+00:00,2026-10-09,16
40b,2026-10-09 17:00:00,,nepotpun_sat,2026-10-09 15:00:00+00:00,2026-10-09,17
40b,2026-10-09 18:00:00,69.0,,2026-10-09 16:00:00+00:00,2026-10-09,18
40b,2026-10-09 19:00:00,65.0,,2026-10-09 17:00:00+00:00,2026-10-09,19
40b,2026-10-09 20:00:00,56.0,,2026-10-09 18:00:00+00:00,2026-10-09,20
40b,2026-10-09 21:00:00,39.0,,2026-10-09 19:00:00+00:00,2026-10-09,21
40b,2026-10-09 22:00:00,37.0,,2026-10-09 20:00:00+00:00,2026-10-09,22
40b,2026-10-09 23:00:00,21.0,,2026-10-09 21:00:00+00:00,2026-10-09,23
40b,2026-10-10 00:00:00,12.0,,2026-10-09 22:00:00+00:00,2026-10-09,24
41,2026-10-09 01:00:00,,nema_citanja,2026-10-08 23:00:00+00:00,2026-10-09,1
41,2026-10-09 02:00:00,,nema_citanja,2026-10-09 00:00:00+00:00,2026-10-09,2
41,2026-10-09 03:00:00,,nema_citanja,2026-10-09 01:00:00+00:00,2026-10-09,3
41,2026-10-09 04:00:00,,nema_citanja,2026-10-09 02:00:00+00:00,2026-10-09,4
41,2026-10-09 05:00:00,,nema_citanja,2026-10-09 03:00:00+00:00,2026-10-09,5
41,2026-10-09 06:00:00,,nema_citanja,2026-10-09 04:00:00+00:00,2026-10-09,6
41,2026-10-09 07:00:00,,nema_citanja,2026-10-09 05:00:00+00:00,2026-10-09,7
41,2026-10-09 08:00:00,,nema_citanja,2026-10-09 06:00:00+00:00,2026-10-09,8
41,2026-10-09 09:00:00,,nema_citanja,2026-10-09 07:00:00+00:00,2026-10-09,9
41,2026-10-09 10:00:00,,nema_citanja,2026-10-09 08:00:00+00:00,2026-10-09,10
41,2026-10-09 11:00:00,,nema_citanja,2026-10-09 09:00:00+00:00,2026-10-09,11
41,2026-10-09 12:00:00,,nema_citanja,2026-10-09 10:00:00+00:00,2026-10-09,12
41,2026-10-09 13:00:00,,nema_citanja,2026-10-09 11:00:00+00:00,2026-10-09,13
41,2026-10-09 14:00:00,,nema_citanja,2026-10-09 12:00:00+00:00,2026-10-09,14
41,2026-10-09 15:00:00,,nema_citanja,2026-10-09 13:00:00+00:00,2026-10-09,15
41,2026-10-09 16:00:00,191.0,,2026-10-09 14:00:00+00:00,2026-10-09,16
41,2026-10-09 17:00:00,,nepotpun_sat,2026-10-09 15:00:00+00:00,2026-10-09,17
41,2026-10-09 18:00:00,167.0,,2026-10-09 16:00:00+00:00,2026-10-09,18
41,2026-10-09 19:00:00,121.0,,2026-10-09 17:00:00+00:00,2026-10-09,19
41,2026-10-09 20:00:00,15.0,,2026-10-09 18:00:00+00:00,2026-10-09,20
41,2026-10-09 21:00:00,15.0,,2026-10-09 19:00:00+00:00,2026-10-09,21
41,2026-10-09 22:00:00,2.0,,2026-10-09 20:00:00+00:00,2026-10-09,22
41,2026-10-09 23:00:00,0.0,,2026-10-09 21:00:00+00:00,2026-10-09,23
41,2026-10-10 00:00:00,0.0,,2026-10-09 22:00:00+00:00,2026-10-09,24
42a,2026-10-09 01:00:00,,nema_citanja,2026-10-08 23:00:00+00:00,2026-10-09,1
42a,2026-10-09 02:00:00,,nema_citanja,2026-10-09 00:00:00+00:00,2026-10-09,2
42a,2026-10-09 03:00:00,,nema_citanja,2026-10-09 01:00:00+00:00,2026-10-09,3
42a,2026-10-09 04:00:00,,nema_citanja,2026-10-09 02:00:00+00:00,2026-10-09,4
42a,2026-10-09 05:00:00,,nema_citanja,2026-10-09 03:00:00+00:00,2026-10-09,5
42a,2026-10-09 06:00:00,,nema_citanja,2026-10-09 04:00:00+00:00,2026-10-09,6
42a,2026-10-09 07:00:00,,nema_citanja,2026-10-09 05:00:00+00:00,2026-10-09,7
42a,2026-10-09 08:00:00,,nema_citanja,2026-10-09 06:00:00+00:00,2026-10-09,8
42a,2026-10-09 09:00:00,,nema_citanja,2026-10-09 07:00:00+00:00,2026-10-09,9
42a,2026-10-09 10:00:00,,nema_citanja,2026-10-09 08:00:00+00:00,2026-10-09,10
42a,2026-10-09 11:00:00,,nema_citanja,2026-10-09 09:00:00+00:00,2026-10-09,11
42a,2026-10-09 12:00:00,,nema_citanja,2026-10-09 10:00:00+00:00,2026-10-09,12
42a,2026-10-09 13:00:00,,nema_citanja,2026-10-09 11:00:00+00:00,2026-10-09,13
42a,2026-10-09 14:00:00,,nema_citanja,2026-10-09 12:00:00+00:00,2026-10-09,14
42a,2026-10-09 15:00:00,,nema_citanja,2026-10-09 13:00:00+00:00,2026-10-09,15
42a,2026-10-09 16:00:00,47.0,,2026-10-09 14:00:00+00:00,2026-10-09,16
42a,2026-10-09 17:00:00,,nepotpun_sat,2026-10-09 15:00:00+00:00,2026-10-09,17
42a,2026-10-09 18:00:00,64.0,,2026-10-09 16:00:00+00:00,2026-10-09,18
42a,2026-10-09 19:00:00,21.0,,2026-10-09 17:00:00+00:00,2026-10-09,19
42a,2026-10-09 20:00:00,0.0,,2026-10-09 18:00:00+00:00,2026-10-09,20
42a,2026-10-09 21:00:00,0.0,,2026-10-09 19:00:00+00:00,2026-10-09,21
42a,2026-10-09 22:00:00,0.0,,2026-10-09 20:00:00+00:00,2026-10-09,22
42a,2026-10-09 23:00:00,0.0,,2026-10-09 21:00:00+00:00,2026-10-09,23
42a,2026-10-10 00:00:00,0.0,,2026-10-09 22:00:00+00:00,2026-10-09,24
42b,2026-10-09 01:00:00,,nema_citanja,2026-10-08 23:00:00+00:00,2026-10-09,1
42b,2026-10-09 02:00:00,,nema_citanja,2026-10-09 00:00:00+00:00,2026-10-09,2
42b,2026-10-09 03:00:00,,nema_citanja,2026-10-09 01:00:00+00:00,2026-10-09,3
42b,2026-10-09 04:00:00,,nema_citanja,2026-10-09 02:00:00+00:00,2026-10-09,4
42b,2026-10-09 05:00:00,,nema_citanja,2026-10-09 03:00:00+00:00,2026-10-09,5
42b,2026-10-09 06:00:00,,nema_citanja,2026-10-09 04:00:00+00:00,2026-10-09,6
42b,2026-10-09 07:00:00,,nema_citanja,2026-10-09 05:00:00+00:00,2026-10-09,7
42b,2026-10-09 08:00:00,,nema_citanja,2026-10-09 06:00:00+00:00,2026-10-09,8
42b,2026-10-09 09:00:00,,nema_citanja,2026-10-09 07:00:00+00:00,2026-10-09,9
42b,2026-10-09 10:00:00,,nema_citanja,2026-10-09 08:00:00+00:00,2026-10-09,10
42b,2026-10-09 11:00:00,,nema_citanja,2026-10-09 09:00:00+00:00,2026-10-09,11
42b,2026-10-09 12:00:00,,nema_citanja,2026-10-09 10:00:00+00:00,2026-10-09,12
42b,2026-10-09 13:00:00,,nema_citanja,2026-10-09 11:00:00+00:00,2026-10-09,13
42b,2026-10-09 14:00:00,,nema_citanja,2026-10-09 12:00:00+00:00,2026-10-09,14
42b,2026-10-09 15:00:00,,nema_citanja,2026-10-09 13:00:00+00:00,2026-10-09,15
42b,2026-10-09 16:00:00,47.0,,2026-10-09 14:00:00+00:00,2026-10-09,16
42b,2026-10-09 17:00:00,,nepotpun_sat,2026-10-09 15:00:00+00:00,2026-10-09,17
42b,2026-10-09 18:00:00,43.0,,2026-10-09 16:00:00+00:00,2026-10-09,18
42b,2026-10-09 19:00:00,77.0,,2026-10-09 17:00:00+00:00,2026-10-09,19
42b,2026-10-09 20:00:00,75.0,,2026-10-09 18:00:00+00:00,2026-10-09,20
42b,2026-10-09 21:00:00,45.0,,2026-10-09 19:00:00+00:00,2026-10-09,21
42b,2026-10-09 22:00:00,41.0,,2026-10-09 20:00:00+00:00,2026-10-09,22
42b,2026-10-09 23:00:00,39.0,,2026-10-09 21:00:00+00:00,2026-10-09,23
42b,2026-10-10 00:00:00,17.0,,2026-10-09 22:00:00+00:00,2026-10-09,24
43a,2026-10-09 01:00:00,,nema_citanja,2026-10-08 23:00:00+00:00,2026-10-09,1
43a,2026-10-09 02:00:00,,nema_citanja,2026-10-09 00:00:00+00:00,2026-10-09,2
43a,2026-10-09 03:00:00,,nema_citanja,2026-10-09 01:00:00+00:00,2026-10-09,3
43a,2026-10-09 04:00:00,,nema_citanja,2026-10-09 02:00:00+00:00,2026-10-09,4
43a,2026-10-09 05:00:00,,nema_citanja,2026-10-09 03:00:00+00:00,2026-10-09,5
43a,2026-10-09 06:00:00,,nema_citanja,2026-10-09 04:00:00+00:00,2026-10-09,6
43a,2026-10-09 07:00:00,,nema_citanja,2026-10-09 05:00:00+00:00,2026-10-09,7
43a,2026-10-09 08:00:00,,nema_citanja,2026-10-09 06:00:00+00:00,2026-10-09,8
43a,2026-10-09 09:00:00,,nema_citanja,2026-10-09 07:00:00+00:00,2026-10-09,9
43a,2026-10-09 10:00:00,,nema_citanja,2026-10-09 08:00:00+00:00,2026-10-09,10
43a,2026-10-09 11:00:00,,nema_citanja,2026-10-09 09:00:00+00:00,2026-10-09,11
43a,2026-10-09 12:00:00,,nema_citanja,2026-10-09 10:00:00+00:00,2026-10-09,12
43a,2026-10-09 13:00:00,,nema_citanja,2026-10-09 11:00:00+00:00,2026-10-09,13
43a,2026-10-09 14:00:00,,nema_citanja,2026-10-09 12:00:00+00:00,2026-10-09,14
43a,2026-10-09 15:00:00,,nema_citanja,2026-10-09 13:00:00+00:00,2026-10-09,15
43a,2026-10-09 16:00:00,84.0,,2026-10-09 14:00:00+00:00,2026-10-09,16
43a,2026-10-09 17:00:00,,nepotpun_sat,2026-10-09 15:00:00+00:00,2026-10-09,17
43a,2026-10-09 18:00:00,46.0,,2026-10-09 16:00:00+00:00,2026-10-09,18
43a,2026-10-09 19:00:00,57.0,,2026-10-09 17:00:00+00:00,2026-10-09,19
43a,2026-10-09 20:00:00,35.0,,2026-10-09 18:00:00+00:00,2026-10-09,20
43a,2026-10-09 21:00:00,40.0,,2026-10-09 19:00:00+00:00,2026-10-09,21
43a,2026-10-09 22:00:00,28.0,,2026-10-09 20:00:00+00:00,2026-10-09,22
43a,2026-10-09 23:00:00,32.0,,2026-10-09 21:00:00+00:00,2026-10-09,23
43a,2026-10-10 00:00:00,17.0,,2026-10-09 22:00:00+00:00,2026-10-09,24
43b,2026-10-09 01:00:00,,nema_citanja,2026-10-08 23:00:00+00:00,2026-10-09,1
43b,2026-10-09 02:00:00,,nema_citanja,2026-10-09 00:00:00+00:00,2026-10-09,2
43b,2026-10-09 03:00:00,,nema_citanja,2026-10-09 01:00:00+00:00,2026-10-09,3
43b,2026-10-09 04:00:00,,nema_citanja,2026-10-09 02:00:00+00:00,2026-10-09,4
43b,2026-10-09 05:00:00,,nema_citanja,2026-10-09 03:00:00+00:00,2026-10-09,5
43b,2026-10-09 06:00:00,,nema_citanja,2026-10-09 04:00:00+00:00,2026-10-09,6
43b,2026-10-09 07:00:00,,nema_citanja,2026-10-09 05:00:00+00:00,2026-10-09,7
43b,2026-10-09 08:00:00,,nema_citanja,2026-10-09 06:00:00+00:00,2026-10-09,8
43b,2026-10-09 09:00:00,,nema_citanja,2026-10-09 07:00:00+00:00,2026-10-09,9
43b,2026-10-09 10:00:00,,nema_citanja,2026-10-09 08:00:00+00:00,2026-10-09,10
43b,2026-10-09 11:00:00,,nema_citanja,2026-10-09 09:00:00+00:00,2026-10-09,11
43b,2026-10-09 12:00:00,,nema_citanja,2026-10-09 10:00:00+00:00,2026-10-09,12
43b,2026-10-09 13:00:00,,nema_citanja,2026-10-09 11:00:00+00:00,2026-10-09,13
43b,2026-10-09 14:00:00,,nema_citanja,2026-10-09 12:00:00+00:00,2026-10-09,14
43b,2026-10-09 15:00:00,,nema_citanja,2026-10-09 13:00:00+00:00,2026-10-09,15
43b,2026-10-09 16:00:00,28.0,,2026-10-09 14:00:00+00:00,2026-10-09,16
43b,2026-10-09 17:00:00,,nepotpun_sat,2026-10-09 15:00:00+00:00,2026-10-09,17
43b,2026-10-09 18:00:00,29.0,,2026-10-09 16:00:00+00:00,2026-10-09,18
43b,2026-10-09 19:00:00,47.0,,2026-10-09 17:00:00+00:00,2026-10-09,19
43b,2026-10-09 20:00:00,20.0,,2026-10-09 18:00:00+00:00,2026-10-09,20
43b,2026-10-09 21:00:00,24.0,,2026-10-09 19:00:00+00:00,2026-10-09,21
43b,2026-10-09 22:00:00,11.0,,2026-10-09 20:00:00+00:00,2026-10-09,22
43b,2026-10-09 23:00:00,9.0,,2026-10-09 21:00:00+00:00,2026-10-09,23
43b,2026-10-10 00:00:00,10.0,,2026-10-09 22:00:00+00:00,2026-10-09,24
44a,2026-10-09 01:00:00,,nema_citanja,2026-10-08 23:00:00+00:00,2026-10-09,1
44a,2026-10-09 02:00:00,,nema_citanja,2026-10-09 00:00:00+00:00,2026-10-09,2
44a,2026-10-09 03:00:00,,nema_citanja,2026-10-09 01:00:00+00:00,2026-10-09,3
44a,2026-10-09 04:00:00,,nema_citanja,2026-10-09 02:00:00+00:00,2026-10-09,4
44a,2026-10-09 05:00:00,,nema_citanja,2026-10-09 03:00:00+00:00,2026-10-09,5
44a,2026-10-09 06:00:00,,nema_citanja,2026-10-09 04:00:00+00:00,2026-10-09,6
44a,2026-10-09 07:00:00,,nema_citanja,2026-10-09 05:00:00+00:00,2026-10-09,7
44a,2026-10-09 08:00:00,,nema_citanja,2026-10-09 06:00:00+00:00,2026-10-09,8
44a,2026-10-09 09:00:00,,nema_citanja,2026-10-09 07:00:00+00:00,2026-10-09,9
44a,2026-10-09 10:00:00,,nema_citanja,2026-10-09 08:00:00+00:00,2026-10-09,10
44a,2026-10-09 11:00:00,,nema_citanja,2026-10-09 09:00:00+00:00,2026-10-09,11
44a,2026-10-09 12:00:00,,nema_citanja,2026-10-09 10:00:00+00:00,2026-10-09,12
44a,2026-10-09 13:00:00,,nema_citanja,2026-10-09 11:00:00+00:00,2026-10-09,13
44a,2026-10-09 14:00:00,,nema_citanja,2026-10-09 12:00:00+00:00,2026-10-09,14
44a,2026-10-09 15:00:00,,nema_citanja,2026-10-09 13:00:00+00:00,2026-10-09,15
44a,2026-10-09 16:00:00,38.0,,2026-10-09 14:00:00+00:00,2026-10-09,16
44a,2026-10-09 17:00:00,,nepotpun_sat,2026-10-09 15:00:00+00:00,2026-10-09,17
44a,2026-10-09 18:00:00,53.0,,2026-10-09 16:00:00+00:00,2026-10-09,18
44a,2026-10-09 19:00:00,53.0,,2026-10-09 17:00:00+00:00,2026-10-09,19
44a,2026-10-09 20:00:00,22.0,,2026-10-09 18:00:00+00:00,2026-10-09,20
44a,2026-10-09 21:00:00,37.0,,2026-10-09 19:00:00+00:00,2026-10-09,21
44a,2026-10-09 22:00:00,36.0,,2026-10-09 20:00:00+00:00,2026-10-09,22
44a,2026-10-09 23:00:00,15.0,,2026-10-09 21:00:00+00:00,2026-10-09,23
44a,2026-10-10 00:00:00,9.0,,2026-10-09 22:00:00+00:00,2026-10-09,24
44b,2026-10-09 01:00:00,,nema_citanja,2026-10-08 23:00:00+00:00,2026-10-09,1
44b,2026-10-09 02:00:00,,nema_citanja,2026-10-09 00:00:00+00:00,2026-10-09,2
44b,2026-10-09 03:00:00,,nema_citanja,2026-10-09 01:00:00+00:00,2026-10-09,3
44b,2026-10-09 04:00:00,,nema_citanja,2026-10-09 02:00:00+00:00,2026-10-09,4
44b,2026-10-09 05:00:00,,nema_citanja,2026-10-09 03:00:00+00:00,2026-10-09,5
44b,2026-10-09 06:00:00,,nema_citanja,2026-10-09 04:00:00+00:00,2026-10-09,6
44b,2026-10-09 07:00:00,,nema_citanja,2026-10-09 05:00:00+00:00,2026-10-09,7
44b,2026-10-09 08:00:00,,nema_citanja,2026-10-09 06:00:00+00:00,2026-10-09,8
44b,2026-10-09 09:00:00,,nema_citanja,2026-10-09 07:00:00+00:00,2026-10-09,9
44b,2026-10-09 10:00:00,,nema_citanja,2026-10-09 08:00:00+00:00,2026-10-09,10
44b,2026-10-09 11:00:00,,nema_citanja,2026-10-09 09:00:00+00:00,2026-10-09,11
44b,2026-10-09 12:00:00,,nema_citanja,2026-10-09 10:00:00+00:00,2026-10-09,12
44b,2026-10-09 13:00:00,,nema_citanja,2026-10-09 11:00:00+00:00,2026-10-09,13
44b,2026-10-09 14:00:00,,nema_citanja,2026-10-09 12:00:00+00:00,2026-10-09,14
44b,2026-10-09 15:00:00,,nema_citanja,2026-10-09 13:00:00+00:00,2026-10-09,15
44b,2026-10-09 16:00:00,64.0,,2026-10-09 14:00:00+00:00,2026-10-09,16
44b,2026-10-09 17:00:00,,nepotpun_sat,2026-10-09 15:00:00+00:00,2026-10-09,17
44b,2026-10-09 18:00:00,64.0,,2026-10-09 16:00:00+00:00,2026-10-09,18
44b,2026-10-09 19:00:00,72.0,,2026-10-09 17:00:00+00:00,2026-10-09,19
44b,2026-10-09 20:00:00,44.0,,2026-10-09 18:00:00+00:00,2026-10-09,20
44b,2026-10-09 21:00:00,43.0,,2026-10-09 19:00:00+00:00,2026-10-09,21
44b,2026-10-09 22:00:00,28.0,,2026-10-09 20:00:00+00:00,2026-10-09,22
44b,2026-10-09 23:00:00,25.0,,2026-10-09 21:00:00+00:00,2026-10-09,23
44b,2026-10-10 00:00:00,11.0,,2026-10-09 22:00:00+00:00,2026-10-09,24
45a,2026-10-09 01:00:00,,nema_citanja,2026-10-08 23:00:00+00:00,2026-10-09,1
45a,2026-10-09 02:00:00,,nema_citanja,2026-10-09 00:00:00+00:00,2026-10-09,2
45a,2026-10-09 03:00:00,,nema_citanja,2026-10-09 01:00:00+00:00,2026-10-09,3
45a,2026-10-09 04:00:00,,nema_citanja,2026-10-09 02:00:00+00:00,2026-10-09,4
45a,2026-10-09 05:00:00,,nema_citanja,2026-10-09 03:00:00+00:00,2026-10-09,5
45a,2026-10-09 06:00:00,,nema_citanja,2026-10-09 04:00:00+00:00,2026-10-09,6
45a,2026-10-09 07:00:00,,nema_citanja,2026-10-09 05:00:00+00:00,2026-10-09,7
45a,2026-10-09 08:00:00,,nema_citanja,2026-10-09 06:00:00+00:00,2026-10-09,8
45a,2026-10-09 09:00:00,,nema_citanja,2026-10-09 07:00:00+00:00,2026-10-09,9
45a,2026-10-09 10:00:00,,nema_citanja,2026-10-09 08:00:00+00:00,2026-10-09,10
45a,2026-10-09 11:00:00,,nema_citanja,2026-10-09 09:00:00+00:00,2026-10-09,11
45a,2026-10-09 12:00:00,,nema_citanja,2026-10-09 10:00:00+00:00,2026-10-09,12
45a,2026-10-09 13:00:00,,nema_citanja,2026-10-09 11:00:00+00:00,2026-10-09,13
45a,2026-10-09 14:00:00,,nema_citanja,2026-10-09 12:00:00+00:00,2026-10-09,14
45a,2026-10-09 15:00:00,,nema_citanja,2026-10-09 13:00:00+00:00,2026-10-09,15
45a,2026-10-09 16:00:00,17.0,,2026-10-09 14:00:00+00:00,2026-10-09,16
45a,2026-10-09 17:00:00,,nepotpun_sat,2026-10-09 15:00:00+00:00,2026-10-09,17
45a,2026-10-09 18:00:00,21.0,,2026-10-09 16:00:00+00:00,2026-10-09,18
45a,2026-10-09 19:00:00,25.0,,2026-10-09 17:00:00+00:00,2026-10-09,19
45a,2026-10-09 20:00:00,26.0,,2026-10-09 18:00:00+00:00,2026-10-09,20
45a,2026-10-09 21:00:00,12.0,,2026-10-09 19:00:00+00:00,2026-10-09,21
45a,2026-10-09 22:00:00,8.0,,2026-10-09 20:00:00+00:00,2026-10-09,22
45a,2026-10-09 23:00:00,9.0,,2026-10-09 21:00:00+00:00,2026-10-09,23
45a,2026-10-10 00:00:00,5.0,,2026-10-09 22:00:00+00:00,2026-10-09,24
45b,2026-10-09 01:00:00,,nema_citanja,2026-10-08 23:00:00+00:00,2026-10-09,1
45b,2026-10-09 02:00:00,,nema_citanja,2026-10-09 00:00:00+00:00,2026-10-09,2
45b,2026-10-09 03:00:00,,nema_citanja,2026-10-09 01:00:00+00:00,2026-10-09,3
45b,2026-10-09 04:00:00,,nema_citanja,2026-10-09 02:00:00+00:00,2026-10-09,4
45b,2026-10-09 05:00:00,,nema_citanja,2026-10-09 03:00:00+00:00,2026-10-09,5
45b,2026-10-09 06:00:00,,nema_citanja,2026-10-09 04:00:00+00:00,2026-10-09,6
45b,2026-10-09 07:00:00,,nema_citanja,2026-10-09 05:00:00+00:00,2026-10-09,7
45b,2026-10-09 08:00:00,,nema_citanja,2026-10-09 06:00:00+00:00,2026-10-09,8
45b,2026-10-09 09:00:00,,nema_citanja,2026-10-09 07:00:00+00:00,2026-10-09,9
45b,2026-10-09 10:00:00,,nema_citanja,2026-10-09 08:00:00+00:00,2026-10-09,10
45b,2026-10-09 11:00:00,,nema_citanja,2026-10-09 09:00:00+00:00,2026-10-09,11
45b,2026-10-09 12:00:00,,nema_citanja,2026-10-09 10:00:00+00:00,2026-10-09,12
45b,2026-10-09 13:00:00,,nema_citanja,2026-10-09 11:00:00+00:00,2026-10-09,13
45b,2026-10-09 14:00:00,,nema_citanja,2026-10-09 12:00:00+00:00,2026-10-09,14
45b,2026-10-09 15:00:00,,nema_citanja,2026-10-09 13:00:00+00:00,2026-10-09,15
45b,2026-10-09 16:00:00,42.0,,2026-10-09 14:00:00+00:00,2026-10-09,16
45b,2026-10-09 17:00:00,,nepotpun_sat,2026-10-09 15:00:00+00:00,2026-10-09,17
45b,2026-10-09 18:00:00,42.0,,2026-10-09 16:00:00+00:00,2026-10-09,18
45b,2026-10-09 19:00:00,75.0,,2026-10-09 17:00:00+00:00,2026-10-09,19
45b,2026-10-09 20:00:00,43.0,,2026-10-09 18:00:00+00:00,2026-10-09,20
45b,2026-10-09 21:00:00,50.0,,2026-10-09 19:00:00+00:00,2026-10-09,21
45b,2026-10-09 22:00:00,26.0,,2026-10-09 20:00:00+00:00,2026-10-09,22
45b,2026-10-09 23:00:00,23.0,,2026-10-09 21:00:00+00:00,2026-10-09,23
45b,2026-10-10 00:00:00,11.0,,2026-10-09 22:00:00+00:00,2026-10-09,24
46a,2026-10-09 01:00:00,,nema_citanja,2026-10-08 23:00:00+00:00,2026-10-09,1
46a,2026-10-09 02:00:00,,nema_citanja,2026-10-09 00:00:00+00:00,2026-10-09,2
46a,2026-10-09 03:00:00,,nema_citanja,2026-10-09 01:00:00+00:00,2026-10-09,3
46a,2026-10-09 04:00:00,,nema_citanja,2026-10-09 02:00:00+00:00,2026-10-09,4
46a,2026-10-09 05:00:00,,nema_citanja,2026-10-09 03:00:00+00:00,2026-10-09,5
46a,2026-10-09 06:00:00,,nema_citanja,2026-10-09 04:00:00+00:00,2026-10-09,6
46a,2026-10-09 07:00:00,,nema_citanja,2026-10-09 05:00:00+00:00,2026-10-09,7
46a,2026-10-09 08:00:00,,nema_citanja,2026-10-09 06:00:00+00:00,2026-10-09,8
46a,2026-10-09 09:00:00,,nema_citanja,2026-10-09 07:00:00+00:00,2026-10-09,9
46a,2026-10-09 10:00:00,,nema_citanja,2026-10-09 08:00:00+00:00,2026-10-09,10
46a,2026-10-09 11:00:00,,nema_citanja,2026-10-09 09:00:00+00:00,2026-10-09,11
46a,2026-10-09 12:00:00,,nema_citanja,2026-10-09 10:00:00+00:00,2026-10-09,12
46a,2026-10-09 13:00:00,,nema_citanja,2026-10-09 11:00:00+00:00,2026-10-09,13
46a,2026-10-09 14:00:00,,nema_citanja,2026-10-09 12:00:00+00:00,2026-10-09,14
46a,2026-10-09 15:00:00,,nema_citanja,2026-10-09 13:00:00+00:00,2026-10-09,15
46a,2026-10-09 16:00:00,50.0,,2026-10-09 14:00:00+00:00,2026-10-09,16
46a,2026-10-09 17:00:00,,nepotpun_sat,2026-10-09 15:00:00+00:00,2026-10-09,17
46a,2026-10-09 18:00:00,45.0,,2026-10-09 16:00:00+00:00,2026-10-09,18
46a,2026-10-09 19:00:00,57.0,,2026-10-09 17:00:00+00:00,2026-10-09,19
46a,2026-10-09 20:00:00,37.0,,2026-10-09 18:00:00+00:00,2026-10-09,20
46a,2026-10-09 21:00:00,37.0,,2026-10-09 19:00:00+00:00,2026-10-09,21
46a,2026-10-09 22:00:00,11.0,,2026-10-09 20:00:00+00:00,2026-10-09,22
46a,2026-10-09 23:00:00,17.0,,2026-10-09 21:00:00+00:00,2026-10-09,23
46a,2026-10-10 00:00:00,19.0,,2026-10-09 22:00:00+00:00,2026-10-09,24
46b,2026-10-09 01:00:00,,nema_citanja,2026-10-08 23:00:00+00:00,2026-10-09,1
46b,2026-10-09 02:00:00,,nema_citanja,2026-10-09 00:00:00+00:00,2026-10-09,2
46b,2026-10-09 03:00:00,,nema_citanja,2026-10-09 01:00:00+00:00,2026-10-09,3
46b,2026-10-09 04:00:00,,nema_citanja,2026-10-09 02:00:00+00:00,2026-10-09,4
46b,2026-10-09 05:00:00,,nema_citanja,2026-10-09 03:00:00+00:00,2026-10-09,5
46b,2026-10-09 06:00:00,,nema_citanja,2026-10-09 04:00:00+00:00,2026-10-09,6
46b,2026-10-09 07:00:00,,nema_citanja,2026-10-09 05:00:00+00:00,2026-10-09,7
46b,2026-10-09 08:00:00,,nema_citanja,2026-10-09 06:00:00+00:00,2026-10-09,8
46b,2026-10-09 09:00:00,,nema_citanja,2026-10-09 07:00:00+00:00,2026-10-09,9
46b,2026-10-09 10:00:00,,nema_citanja,2026-10-09 08:00:00+00:00,2026-10-09,10
46b,2026-10-09 11:00:00,,nema_citanja,2026-10-09 09:00:00+00:00,2026-10-09,11
46b,2026-10-09 12:00:00,,nema_citanja,2026-10-09 10:00:00+00:00,2026-10-09,12
46b,2026-10-09 13:00:00,,nema_citanja,2026-10-09 11:00:00+00:00,2026-10-09,13
46b,2026-10-09 14:00:00,,nema_citanja,2026-10-09 12:00:00+00:00,2026-10-09,14
46b,2026-10-09 15:00:00,,nema_citanja,2026-10-09 13:00:00+00:00,2026-10-09,15
46b,2026-10-09 16:00:00,63.0,,2026-10-09 14:00:00+00:00,2026-10-09,16
46b,2026-10-09 17:00:00,,nepotpun_sat,2026-10-09 15:00:00+00:00,2026-10-09,17
46b,2026-10-09 18:00:00,61.0,,2026-10-09 16:00:00+00:00,2026-10-09,18
46b,2026-10-09 19:00:00,72.0,,2026-10-09 17:00:00+00:00,2026-10-09,19
46b,2026-10-09 20:00:00,66.0,,2026-10-09 18:00:00+00:00,2026-10-09,20
46b,2026-10-09 21:00:00,48.0,,2026-10-09 19:00:00+00:00,2026-10-09,21
46b,2026-10-09 22:00:00,41.0,,2026-10-09 20:00:00+00:00,2026-10-09,22
46b,2026-10-09 23:00:00,31.0,,2026-10-09 21:00:00+00:00,2026-10-09,23
46b,2026-10-10 00:00:00,16.0,,2026-10-09 22:00:00+00:00,2026-10-09,24
47,2026-10-09 01:00:00,,nema_citanja,2026-10-08 23:00:00+00:00,2026-10-09,1
47,2026-10-09 02:00:00,,nema_citanja,2026-10-09 00:00:00+00:00,2026-10-09,2
47,2026-10-09 03:00:00,,nema_citanja,2026-10-09 01:00:00+00:00,2026-10-09,3
47,2026-10-09 04:00:00,,nema_citanja,2026-10-09 02:00:00+00:00,2026-10-09,4
47,2026-10-09 05:00:00,,nema_citanja,2026-10-09 03:00:00+00:00,2026-10-09,5
47,2026-10-09 06:00:00,,nema_citanja,2026-10-09 04:00:00+00:00,2026-10-09,6
47,2026-10-09 07:00:00,,nema_citanja,2026-10-09 05:00:00+00:00,2026-10-09,7
47,2026-10-09 08:00:00,,nema_citanja,2026-10-09 06:00:00+00:00,2026-10-09,8
47,2026-10-09 09:00:00,,nema_citanja,2026-10-09 07:00:00+00:00,2026-10-09,9
47,2026-10-09 10:00:00,,nema_citanja,2026-10-09 08:00:00+00:00,2026-10-09,10
47,2026-10-09 11:00:00,,nema_citanja,2026-10-09 09:00:00+00:00,2026-10-09,11
47,2026-10-09 12:00:00,,nema_citanja,2026-10-09 10:00:00+00:00,2026-10-09,12
47,2026-10-09 13:00:00,,nema_citanja,2026-10-09 11:00:00+00:00,2026-10-09,13
47,2026-10-09 14:00:00,,nema_citanja,2026-10-09 12:00:00+00:00,2026-10-09,14
47,2026-10-09 15:00:00,,nema_citanja,2026-10-09 13:00:00+00:00,2026-10-09,15
47,2026-10-09 16:00:00,40.0,,2026-10-09 14:00:00+00:00,2026-10-09,16
47,2026-10-09 17:00:00,,nepotpun_sat,2026-10-09 15:00:00+00:00,2026-10-09,17
47,2026-10-09 18:00:00,49.0,,2026-10-09 16:00:00+00:00,2026-10-09,18
47,2026-10-09 19:00:00,64.0,,2026-10-09 17:00:00+00:00,2026-10-09,19
47,2026-10-09 20:00:00,61.0,,2026-10-09 18:00:00+00:00,2026-10-09,20
47,2026-10-09 21:00:00,46.0,,2026-10-09 19:00:00+00:00,2026-10-09,21
47,2026-10-09 22:00:00,33.0,,2026-10-09 20:00:00+00:00,2026-10-09,22
47,2026-10-09 23:00:00,19.0,,2026-10-09 21:00:00+00:00,2026-10-09,23
47,2026-10-10 00:00:00,10.0,,2026-10-09 22:00:00+00:00,2026-10-09,24
49a,2026-10-09 01:00:00,,nema_citanja,2026-10-08 23:00:00+00:00,2026-10-09,1
49a,2026-10-09 02:00:00,,nema_citanja,2026-10-09 00:00:00+00:00,2026-10-09,2
49a,2026-10-09 03:00:00,,nema_citanja,2026-10-09 01:00:00+00:00,2026-10-09,3
49a,2026-10-09 04:00:00,,nema_citanja,2026-10-09 02:00:00+00:00,2026-10-09,4
49a,2026-10-09 05:00:00,,nema_citanja,2026-10-09 03:00:00+00:00,2026-10-09,5
49a,2026-10-09 06:00:00,,nema_citanja,2026-10-09 04:00:00+00:00,2026-10-09,6
49a,2026-10-09 07:00:00,,nema_citanja,2026-10-09 05:00:00+00:00,2026-10-09,7
49a,2026-10-09 08:00:00,,nema_citanja,2026-10-09 06:00:00+00:00,2026-10-09,8
49a,2026-10-09 09:00:00,,nema_citanja,2026-10-09 07:00:00+00:00,2026-10-09,9
49a,2026-10-09 10:00:00,,nema_citanja,2026-10-09 08:00:00+00:00,2026-10-09,10
49a,2026-10-09 11:00:00,,nema_citanja,2026-10-09 09:00:00+00:00,2026-10-09,11
49a,2026-10-09 12:00:00,,nema_citanja,2026-10-09 10:00:00+00:00,2026-10-09,12
49a,2026-10-09 13:00:00,,nema_citanja,2026-10-09 11:00:00+00:00,2026-10-09,13
49a,2026-10-09 14:00:00,,nema_citanja,2026-10-09 12:00:00+00:00,2026-10-09,14
49a,2026-10-09 15:00:00,,nema_citanja,2026-10-09 13:00:00+00:00,2026-10-09,15
49a,2026-10-09 16:00:00,27.0,,2026-10-09 14:00:00+00:00,2026-10-09,16
49a,2026-10-09 17:00:00,,nepotpun_sat,2026-10-09 15:00:00+00:00,2026-10-09,17
49a,2026-10-09 18:00:00,30.0,,2026-10-09 16:00:00+00:00,2026-10-09,18
49a,2026-10-09 19:00:00,33.0,,2026-10-09 17:00:00+00:00,2026-10-09,19
49a,2026-10-09 20:00:00,18.0,,2026-10-09 18:00:00+00:00,2026-10-09,20
49a,2026-10-09 21:00:00,7.0,,2026-10-09 19:00:00+00:00,2026-10-09,21
49a,2026-10-09 22:00:00,10.0,,2026-10-09 20:00:00+00:00,2026-10-09,22
49a,2026-10-09 23:00:00,2.0,,2026-10-09 21:00:00+00:00,2026-10-09,23
49a,2026-10-10 00:00:00,1.0,,2026-10-09 22:00:00+00:00,2026-10-09,24
49b,2026-10-09 01:00:00,,nema_citanja,2026-10-08 23:00:00+00:00,2026-10-09,1
49b,2026-10-09 02:00:00,,nema_citanja,2026-10-09 00:00:00+00:00,2026-10-09,2
49b,2026-10-09 03:00:00,,nema_citanja,2026-10-09 01:00:00+00:00,2026-10-09,3
49b,2026-10-09 04:00:00,,nema_citanja,2026-10-09 02:00:00+00:00,2026-10-09,4
49b,2026-10-09 05:00:00,,nema_citanja,2026-10-09 03:00:00+00:00,2026-10-09,5
49b,2026-10-09 06:00:00,,nema_citanja,2026-10-09 04:00:00+00:00,2026-10-09,6
49b,2026-10-09 07:00:00,,nema_citanja,2026-10-09 05:00:00+00:00,2026-10-09,7
49b,2026-10-09 08:00:00,,nema_citanja,2026-10-09 06:00:00+00:00,2026-10-09,8
49b,2026-10-09 09:00:00,,nema_citanja,2026-10-09 07:00:00+00:00,2026-10-09,9
49b,2026-10-09 10:00:00,,nema_citanja,2026-10-09 08:00:00+00:00,2026-10-09,10
49b,2026-10-09 11:00:00,,nema_citanja,2026-10-09 09:00:00+00:00,2026-10-09,11
49b,2026-10-09 12:00:00,,nema_citanja,2026-10-09 10:00:00+00:00,2026-10-09,12
49b,2026-10-09 13:00:00,,nema_citanja,2026-10-09 11:00:00+00:00,2026-10-09,13
49b,2026-10-09 14:00:00,,nema_citanja,2026-10-09 12:00:00+00:00,2026-10-09,14
49b,2026-10-09 15:00:00,,nema_citanja,2026-10-09 13:00:00+00:00,2026-10-09,15
49b,2026-10-09 16:00:00,0.0,,2026-10-09 14:00:00+00:00,2026-10-09,16
49b,2026-10-09 17:00:00,,nepotpun_sat,2026-10-09 15:00:00+00:00,2026-10-09,17
49b,2026-10-09 18:00:00,0.0,,2026-10-09 16:00:00+00:00,2026-10-09,18
49b,2026-10-09 19:00:00,0.0,,2026-10-09 17:00:00+00:00,2026-10-09,19
49b,2026-10-09 20:00:00,0.0,,2026-10-09 18:00:00+00:00,2026-10-09,20
49b,2026-10-09 21:00:00,0.0,,2026-10-09 19:00:00+00:00,2026-10-09,21
49b,2026-10-09 22:00:00,0.0,,2026-10-09 20:00:00+00:00,2026-10-09,22
49b,2026-10-09 23:00:00,0.0,,2026-10-09 21:00:00+00:00,2026-10-09,23
49b,2026-10-10 00:00:00,0.0,,2026-10-09 22:00:00+00:00,2026-10-09,24
50a,2026-10-09 01:00:00,,nema_citanja,2026-10-08 23:00:00+00:00,2026-10-09,1
50a,2026-10-09 02:00:00,,nema_citanja,2026-10-09 00:00:00+00:00,2026-10-09,2
50a,2026-10-09 03:00:00,,nema_citanja,2026-10-09 01:00:00+00:00,2026-10-09,3
50a,2026-10-09 04:00:00,,nema_citanja,2026-10-09 02:00:00+00:00,2026-10-09,4
50a,2026-10-09 05:00:00,,nema_citanja,2026-10-09 03:00:00+00:00,2026-10-09,5
50a,2026-10-09 06:00:00,,nema_citanja,2026-10-09 04:00:00+00:00,2026-10-09,6
50a,2026-10-09 07:00:00,,nema_citanja,2026-10-09 05:00:00+00:00,2026-10-09,7
50a,2026-10-09 08:00:00,,nema_citanja,2026-10-09 06:00:00+00:00,2026-10-09,8
50a,2026-10-09 09:00:00,,nema_citanja,2026-10-09 07:00:00+00:00,2026-10-09,9
50a,2026-10-09 10:00:00,,nema_citanja,2026-10-09 08:00:00+00:00,2026-10-09,10
50a,2026-10-09 11:00:00,,nema_citanja,2026-10-09 09:00:00+00:00,2026-10-09,11
50a,2026-10-09 12:00:00,,nema_citanja,2026-10-09 10:00:00+00:00,2026-10-09,12
50a,2026-10-09 13:00:00,,nema_citanja,2026-10-09 11:00:00+00:00,2026-10-09,13
50a,2026-10-09 14:00:00,,nema_citanja,2026-10-09 12:00:00+00:00,2026-10-09,14
50a,2026-10-09 15:00:00,,nema_citanja,2026-10-09 13:00:00+00:00,2026-10-09,15
50a,2026-10-09 16:00:00,55.0,,2026-10-09 14:00:00+00:00,2026-10-09,16
50a,2026-10-09 17:00:00,,nepotpun_sat,2026-10-09 15:00:00+00:00,2026-10-09,17
50a,2026-10-09 18:00:00,54.0,,2026-10-09 16:00:00+00:00,2026-10-09,18
50a,2026-10-09 19:00:00,81.0,,2026-10-09 17:00:00+00:00,2026-10-09,19
50a,2026-10-09 20:00:00,51.0,,2026-10-09 18:00:00+00:00,2026-10-09,20
50a,2026-10-09 21:00:00,43.0,,2026-10-09 19:00:00+00:00,2026-10-09,21
50a,2026-10-09 22:00:00,32.0,,2026-10-09 20:00:00+00:00,2026-10-09,22
50a,2026-10-09 23:00:00,23.0,,2026-10-09 21:00:00+00:00,2026-10-09,23
50a,2026-10-10 00:00:00,7.0,,2026-10-09 22:00:00+00:00,2026-10-09,24
50b,2026-10-09 01:00:00,,nema_citanja,2026-10-08 23:00:00+00:00,2026-10-09,1
50b,2026-10-09 02:00:00,,nema_citanja,2026-10-09 00:00:00+00:00,2026-10-09,2
50b,2026-10-09 03:00:00,,nema_citanja,2026-10-09 01:00:00+00:00,2026-10-09,3
50b,2026-10-09 04:00:00,,nema_citanja,2026-10-09 02:00:00+00:00,2026-10-09,4
50b,2026-10-09 05:00:00,,nema_citanja,2026-10-09 03:00:00+00:00,2026-10-09,5
50b,2026-10-09 06:00:00,,nema_citanja,2026-10-09 04:00:00+00:00,2026-10-09,6
50b,2026-10-09 07:00:00,,nema_citanja,2026-10-09 05:00:00+00:00,2026-10-09,7
50b,2026-10-09 08:00:00,,nema_citanja,2026-10-09 06:00:00+00:00,2026-10-09,8
50b,2026-10-09 09:00:00,,nema_citanja,2026-10-09 07:00:00+00:00,2026-10-09,9
50b,2026-10-09 10:00:00,,nema_citanja,2026-10-09 08:00:00+00:00,2026-10-09,10
50b,2026-10-09 11:00:00,,nema_citanja,2026-10-09 09:00:00+00:00,2026-10-09,11
50b,2026-10-09 12:00:00,,nema_citanja,2026-10-09 10:00:00+00:00,2026-10-09,12
50b,2026-10-09 13:00:00,,nema_citanja,2026-10-09 11:00:00+00:00,2026-10-09,13
50b,2026-10-09 14:00:00,,nema_citanja,2026-10-09 12:00:00+00:00,2026-10-09,14
50b,2026-10-09 15:00:00,,nema_citanja,2026-10-09 13:00:00+00:00,2026-10-09,15
50b,2026-10-09 16:00:00,34.0,,2026-10-09 14:00:00+00:00,2026-10-09,16
50b,2026-10-09 17:00:00,,nepotpun_sat,2026-10-09 15:00:00+00:00,2026-10-09,17
50b,2026-10-09 18:00:00,41.0,,2026-10-09 16:00:00+00:00,2026-10-09,18
50b,2026-10-09 19:00:00,45.0,,2026-10-09 17:00:00+00:00,2026-10-09,19
50b,2026-10-09 20:00:00,40.0,,2026-10-09 18:00:00+00:00,2026-10-09,20
50b,2026-10-09 21:00:00,30.0,,2026-10-09 19:00:00+00:00,2026-10-09,21
50b,2026-10-09 22:00:00,23.0,,2026-10-09 20:00:00+00:00,2026-10-09,22
50b,2026-10-09 23:00:00,25.0,,2026-10-09 21:00:00+00:00,2026-10-09,23
50b,2026-10-10 00:00:00,7.0,,2026-10-09 22:00:00+00:00,2026-10-09,24
51a,2026-10-09 01:00:00,,nema_citanja,2026-10-08 23:00:00+00:00,2026-10-09,1
51a,2026-10-09 02:00:00,,nema_citanja,2026-10-09 00:00:00+00:00,2026-10-09,2
51a,2026-10-09 03:00:00,,nema_citanja,2026-10-09 01:00:00+00:00,2026-10-09,3
51a,2026-10-09 04:00:00,,nema_citanja,2026-10-09 02:00:00+00:00,2026-10-09,4
51a,2026-10-09 05:00:00,,nema_citanja,2026-10-09 03:00:00+00:00,2026-10-09,5
51a,2026-10-09 06:00:00,,nema_citanja,2026-10-09 04:00:00+00:00,2026-10-09,6
51a,2026-10-09 07:00:00,,nema_citanja,2026-10-09 05:00:00+00:00,2026-10-09,7
51a,2026-10-09 08:00:00,,nema_citanja,2026-10-09 06:00:00+00:00,2026-10-09,8
51a,2026-10-09 09:00:00,,nema_citanja,2026-10-09 07:00:00+00:00,2026-10-09,9
51a,2026-10-09 10:00:00,,nema_citanja,2026-10-09 08:00:00+00:00,2026-10-09,10
51a,2026-10-09 11:00:00,,nema_citanja,2026-10-09 09:00:00+00:00,2026-10-09,11
51a,2026-10-09 12:00:00,,nema_citanja,2026-10-09 10:00:00+00:00,2026-10-09,12
51a,2026-10-09 13:00:00,,nema_citanja,2026-10-09 11:00:00+00:00,2026-10-09,13
51a,2026-10-09 14:00:00,,nema_citanja,2026-10-09 12:00:00+00:00,2026-10-09,14
51a,2026-10-09 15:00:00,,nema_citanja,2026-10-09 13:00:00+00:00,2026-10-09,15
51a,2026-10-09 16:00:00,57.0,,2026-10-09 14:00:00+00:00,2026-10-09,16
51a,2026-10-09 17:00:00,,nepotpun_sat,2026-10-09 15:00:00+00:00,2026-10-09,17
51a,2026-10-09 18:00:00,44.0,,2026-10-09 16:00:00+00:00,2026-10-09,18
51a,2026-10-09 19:00:00,57.0,,2026-10-09 17:00:00+00:00,2026-10-09,19
51a,2026-10-09 20:00:00,39.0,,2026-10-09 18:00:00+00:00,2026-10-09,20
51a,2026-10-09 21:00:00,28.0,,2026-10-09 19:00:00+00:00,2026-10-09,21
51a,2026-10-09 22:00:00,25.0,,2026-10-09 20:00:00+00:00,2026-10-09,22
51a,2026-10-09 23:00:00,17.0,,2026-10-09 21:00:00+00:00,2026-10-09,23
51a,2026-10-10 00:00:00,18.0,,2026-10-09 22:00:00+00:00,2026-10-09,24
51b,2026-10-09 01:00:00,,nema_citanja,2026-10-08 23:00:00+00:00,2026-10-09,1
51b,2026-10-09 02:00:00,,nema_citanja,2026-10-09 00:00:00+00:00,2026-10-09,2
51b,2026-10-09 03:00:00,,nema_citanja,2026-10-09 01:00:00+00:00,2026-10-09,3
51b,2026-10-09 04:00:00,,nema_citanja,2026-10-09 02:00:00+00:00,2026-10-09,4
51b,2026-10-09 05:00:00,,nema_citanja,2026-10-09 03:00:00+00:00,2026-10-09,5
51b,2026-10-09 06:00:00,,nema_citanja,2026-10-09 04:00:00+00:00,2026-10-09,6
51b,2026-10-09 07:00:00,,nema_citanja,2026-10-09 05:00:00+00:00,2026-10-09,7
51b,2026-10-09 08:00:00,,nema_citanja,2026-10-09 06:00:00+00:00,2026-10-09,8
51b,2026-10-09 09:00:00,,nema_citanja,2026-10-09 07:00:00+00:00,2026-10-09,9
51b,2026-10-09 10:00:00,,nema_citanja,2026-10-09 08:00:00+00:00,2026-10-09,10
51b,2026-10-09 11:00:00,,nema_citanja,2026-10-09 09:00:00+00:00,2026-10-09,11
51b,2026-10-09 12:00:00,,nema_citanja,2026-10-09 10:00:00+00:00,2026-10-09,12
51b,2026-10-09 13:00:00,,nema_citanja,2026-10-09 11:00:00+00:00,2026-10-09,13
51b,2026-10-09 14:00:00,,nema_citanja,2026-10-09 12:00:00+00:00,2026-10-09,14
51b,2026-10-09 15:00:00,,nema_citanja,2026-10-09 13:00:00+00:00,2026-10-09,15
51b,2026-10-09 16:00:00,173.0,,2026-10-09 14:00:00+00:00,2026-10-09,16
51b,2026-10-09 17:00:00,,nepotpun_sat,2026-10-09 15:00:00+00:00,2026-10-09,17
51b,2026-10-09 18:00:00,161.0,,2026-10-09 16:00:00+00:00,2026-10-09,18
51b,2026-10-09 19:00:00,151.0,,2026-10-09 17:00:00+00:00,2026-10-09,19
51b,2026-10-09 20:00:00,126.0,,2026-10-09 18:00:00+00:00,2026-10-09,20
51b,2026-10-09 21:00:00,102.0,,2026-10-09 19:00:00+00:00,2026-10-09,21
51b,2026-10-09 22:00:00,95.0,,2026-10-09 20:00:00+00:00,2026-10-09,22
51b,2026-10-09 23:00:00,71.0,,2026-10-09 21:00:00+00:00,2026-10-09,23
51b,2026-10-10 00:00:00,51.0,,2026-10-09 22:00:00+00:00,2026-10-09,24
