vreme_citanja_utc,feed_updated_utc,location,locationID,direction,directionDesc,serija,datum_brojaca,vreme_brojaca,danas,juce,ove_godine,state,stateDesc,lat,lon,bicikala_od_prethodnog,minuta_od_prethodnog,prethodno_citanje_utc,razlog_razlike
2026-10-09T13:42:16Z,2026-10-09T13:39:02Z,0015,15NSaPS Vojvodjanska,14,Cara Lazara - M. Gorkog (u oba smera)(b),15a,2026-10-09,15:38:40,790,1314,346771,1,Saobraćaj se odvija normalno,45.246414,19.840201,0,5,2026-10-09T13:40:34Z,
2026-10-09T13:42:16Z,2026-10-09T13:39:02Z,0015,15NSbPS Vojvodjanska,24,M. Gorkog - Cara Lazara (u oba smera)(b),15b,2026-10-09,15:38:41,372,1033,279466,1,Saobraćaj se odvija normalno,45.24633,19.83993,0,5,2026-10-09T13:40:34Z,
2026-10-09T13:42:16Z,2026-10-09T13:39:02Z,0020,20NSb S. Jovanovica,23,Futoski put-V. Stepe (u oba smera)(b),20b,2026-10-09,15:39:02,299,614,117725,1,Saobraćaj se odvija normalno,45.251322,19.805641,0,5,2026-10-09T13:40:34Z,
2026-10-09T13:42:16Z,2026-10-09T13:39:02Z,0020,20NSa S.Jovanovica,13,V. Stepe-Futoski put (u oba smera)(b),20a,2026-10-09,15:38:42,168,380,117669,1,Saobraćaj se odvija normalno,45.25125,19.805401,0,5,2026-10-09T13:40:34Z,
2026-10-09T13:42:16Z,2026-10-09T13:39:02Z,0022,22NSb Bul. kralja Petra I,23,Kisacka-Kraljevica Marka (u oba smera)(b),22b,2026-10-09,15:38:48,240,625,107312,1,Saobraćaj se odvija normalno,45.262045,19.836839,0,5,2026-10-09T13:40:34Z,
2026-10-09T13:42:16Z,2026-10-09T13:39:02Z,0022,22NSa Bul. kralja Petra I,13,Kraljevica Marka-Kisacka (u oba smera)(b),22a,2026-10-09,15:38:48,312,640,94725,1,Saobraćaj se odvija normalno,45.261829,19.836955,0,5,2026-10-09T13:40:34Z,
2026-10-09T13:42:16Z,2026-10-09T13:39:02Z,0023,23NSa Bul. cara Lazara,14,Cara Dusana-Balzakova (u oba smera)(b),23a,2026-10-09,15:38:45,966,2268,448420,1,Saobraćaj se odvija normalno,45.240293,19.827405,0,5,2026-10-09T13:40:34Z,
2026-10-09T13:42:16Z,2026-10-09T13:39:02Z,0025,25NSa Kej zrtava racije,23,Bul. M. Pupina - Maksima Gorkog (b),25a,2026-10-09,15:38:44,236,780,199597,1,Saobraćaj se odvija normalno,45.252942,19.855554,0,5,2026-10-09T13:40:34Z,
2026-10-09T13:42:16Z,2026-10-09T13:39:02Z,0025,25NSa Kej zrtava racije,13,Maksima Gorkog - Bul. M. Pupina (b),25a,2026-10-09,15:38:44,236,798,201076,1,Saobraćaj se odvija normalno,45.252942,19.855554,0,5,2026-10-09T13:40:34Z,
2026-10-09T13:42:16Z,2026-10-09T13:39:02Z,0026,26NS Strand,21,Beogradski kej - Fruskogorska,26,2026-10-09,15:38:47,138,549,124574,1,Saobraćaj se odvija normalno,45.237826,19.848426,0,5,2026-10-09T13:40:34Z,
2026-10-09T13:42:16Z,2026-10-09T13:39:02Z,0026,26NS Strand,11,Fruskogorska - Beogradski kej,26,2026-10-09,15:38:43,119,473,113887,1,Saobraćaj se odvija normalno,45.237826,19.848426,0,5,2026-10-09T13:40:34Z,
2026-10-09T13:42:16Z,2026-10-09T13:39:02Z,0027,27NSb Bul. Evrope (K.Racina),24,H. Ruvimova - K. Stankovica (u oba smera)(b),27b,2026-10-09,15:38:42,449,1352,273349,1,Saobraćaj se odvija normalno,45.257879,19.810436,0,5,2026-10-09T13:40:34Z,
2026-10-09T13:42:16Z,2026-10-09T13:39:02Z,0027,27NSa Bul. Evrope (K.Racina),14,K. Stankovica - H. Ruvimova (u oba smera)(b),27a,2026-10-09,15:38:43,217,672,52353,1,Saobraćaj se odvija normalno,45.257699,19.810026,0,5,2026-10-09T13:40:34Z,
2026-10-09T13:42:16Z,2026-10-09T13:39:02Z,0028,28NS Bul. Oslobodjenja -Slovacka,21,Bul. kralja Petra I - Pap Pavla,28,2026-10-09,15:38:43,0,0,85362,6,Nema saobraćaja,45.256758,19.834542,0,5,2026-10-09T13:40:34Z,
2026-10-09T13:42:16Z,2026-10-09T13:39:02Z,0028,28NS Bul. Oslobodjenja -Slovacka,11,Pap Pavla - Bul. kralja Petra I,28,2026-10-09,15:38:45,863,1982,287782,1,Saobraćaj se odvija normalno,45.256758,19.834542,0,5,2026-10-09T13:40:34Z,
2026-10-09T13:42:16Z,2026-10-09T13:39:02Z,0029,29NSa Rumenacka,13,J. Tomica - Kralja Petra I (u oba smera)(b),29a,2026-10-09,15:38:45,674,1197,226628,1,Saobraćaj se odvija normalno,45.260059,19.82153,0,5,2026-10-09T13:40:34Z,
2026-10-09T13:42:16Z,2026-10-09T13:39:02Z,0029,29NSb Rumenacka,23,Kralja Petra I - J. Tomica (u oba smera)(b),29b,2026-10-09,15:38:44,357,786,209542,1,Saobraćaj se odvija normalno,45.260162,19.821722,0,5,2026-10-09T13:40:34Z,
2026-10-09T13:42:16Z,2026-10-09T13:39:02Z,0030,30NSa Bul. cara Lazara,14,Bul. Oslobodj.-Fruskogorska (u oba smera)(b),30a,2026-10-09,15:38:46,851,1798,335493,1,Saobraćaj se odvija normalno,45.244116,19.843214,0,5,2026-10-09T13:40:34Z,
2026-10-09T13:42:16Z,2026-10-09T13:39:02Z,0030,30NSb Bul. cara Lazara,24,Fruskogorska-Bul. Oslobodj. (u oba smera)(b),30b,2026-10-09,15:38:46,693,2007,361778,1,Saobraćaj se odvija normalno,45.24442,19.843149,0,5,2026-10-09T13:40:34Z,
2026-10-09T13:42:16Z,2026-10-09T13:39:02Z,0031,31NSb Kralja Petra I -P. Adamova,23,Bul. Oslobodjenja - Rumenacka (u oba smera)(b),31b,2026-10-09,15:38:46,1168,1937,450113,1,Saobraćaj se odvija normalno,45.259558,19.827023,0,5,2026-10-09T13:40:34Z,
2026-10-09T13:42:16Z,2026-10-09T13:39:02Z,0034,34NSb Futoska (N. Tesle),24,Bul. Oslobodjenja - C. Dušana  (u oba smera)(b),34b,2026-10-09,15:38:49,967,2270,416173,1,Saobraćaj se odvija normalno,45.24924,19.82866,0,5,2026-10-09T13:40:34Z,
2026-10-09T13:42:16Z,2026-10-09T13:39:02Z,0034,34NSa Futoska (N. Tesle),14,C. Dušana - Bul. Oslobodjenja (u oba smera)(b),34a,2026-10-09,15:38:53,2283,5178,901578,1,Saobraćaj se odvija normalno,45.249,19.82831,0,5,2026-10-09T13:40:34Z,
2026-10-09T13:42:16Z,2026-10-09T13:39:02Z,0036,36NSb Jevrejska,24,Bul. M. Pupina - Futoska (u oba smera)(b),36b,2026-10-09,15:38:49,431,1428,81874,1,Saobraćaj se odvija normalno,45.25272,19.83855,0,5,2026-10-09T13:40:34Z,
2026-10-09T13:42:16Z,2026-10-09T13:39:02Z,0036,36NSa Jevrejska,14,Futoska - Bul. M. Pupina (u oba smera)(b),36a,2026-10-09,15:38:49,1111,2547,496121,1,Saobraćaj se odvija normalno,45.25254,19.83869,0,5,2026-10-09T13:40:34Z,
2026-10-09T13:42:16Z,2026-10-09T13:39:02Z,0037,37NSa Bul.oslobodjenja(N.fronta),14,Most slobode - N. fronta (u oba smera)(b),37a,2026-10-09,15:38:54,132,345,99767,1,Saobraćaj se odvija normalno,45.240876,19.843284,0,5,2026-10-09T13:40:34Z,
2026-10-09T13:42:16Z,2026-10-09T13:39:02Z,0038,38NSa Hadzi Ruvimova,14,B. Evrope - Rumenacka (u oba smera)(b),38a,2026-10-09,15:38:52,568,1327,219952,1,Saobraćaj se odvija normalno,45.258039,19.818758,0,5,2026-10-09T13:40:34Z,
2026-10-09T13:42:16Z,2026-10-09T13:39:02Z,0038,38NSb Hadzi Ruvimova,24,Rumenacka - B. Evrope (u oba smera)(b),38b,2026-10-09,15:38:50,676,1405,307597,1,Saobraćaj se odvija normalno,45.258395,19.819157,0,5,2026-10-09T13:40:34Z,
2026-10-09T13:42:16Z,2026-10-09T13:39:02Z,0039,39NSb Bul. J. Tomica,24,B. oslobodjenja - Rumenacka (u oba smera)(b),39b,2026-10-09,15:38:50,486,993,192113,1,Saobraćaj se odvija normalno,45.26411,19.821189,0,5,2026-10-09T13:40:34Z,
2026-10-09T13:42:16Z,2026-10-09T13:39:02Z,0039,39NSa Bul. J. Tomica,14,Rumenacka - B. oslobodjenja (u oba smera)(b),39a,2026-10-09,15:38:54,368,227,145058,1,Saobraćaj se odvija normalno,45.263871,19.821154,0,5,2026-10-09T13:40:34Z,
2026-10-09T13:42:16Z,2026-10-09T13:39:02Z,0040,40NSa Bul. P. Pavla,21,Bul Evrope - Vrsacka,40a,2026-10-09,15:38:50,269,722,129016,1,Saobraćaj se odvija normalno,45.240035,19.817155,0,5,2026-10-09T13:40:34Z,
2026-10-09T13:42:16Z,2026-10-09T13:39:02Z,0040,40NSb Bul. P. Pavla,11,Bul Evrope - Vrsacka,40b,2026-10-09,15:38:51,177,465,86770,1,Saobraćaj se odvija normalno,45.240244,19.817184,0,5,2026-10-09T13:40:34Z,
2026-10-09T13:42:16Z,2026-10-09T13:39:02Z,0040,40NSb Bul. P. Pavla,21,Vrsacka - Bul Evrope,40b,2026-10-09,15:38:52,176,368,67639,1,Saobraćaj se odvija normalno,45.240244,19.817184,0,5,2026-10-09T13:40:34Z,
2026-10-09T13:42:16Z,2026-10-09T13:39:02Z,0040,40NSa Bul. P. Pavla,11,Vrsacka - Bul Evrope,40a,2026-10-09,15:38:55,406,851,143653,1,Saobraćaj se odvija normalno,45.240035,19.817155,0,5,2026-10-09T13:40:34Z,
2026-10-09T13:42:16Z,2026-10-09T13:39:02Z,0041,41NS Bul.oslobodjenja(N.Sajma),11,Bul. kralja Petra I - N.Sajma,41,2026-10-09,15:38:55,752,1212,241119,1,Saobraćaj se odvija normalno,45.255568,19.834719,0,5,2026-10-09T13:40:34Z,
2026-10-09T13:42:16Z,2026-10-09T13:39:02Z,0041,41NS Bul.oslobodjenja(N.Sajma),21,N.Sajma - Bul. kralja Petra I,41,2026-10-09,15:38:51,619,1008,198097,1,Saobraćaj se odvija normalno,45.255568,19.834719,0,5,2026-10-09T13:40:34Z,
2026-10-09T13:42:16Z,2026-10-09T13:39:02Z,0042,42NSb Radomira Rase Radujkova,23,Bul Evrope - Bul S. Jovanovica (u oba smera)(b),42b,2026-10-09,15:38:54,335,884,191802,1,Saobraćaj se odvija normalno,45.253968,19.806119,0,5,2026-10-09T13:40:34Z,
2026-10-09T13:42:16Z,2026-10-09T13:39:02Z,0042,42NSa Radomira Rase Radujkova,13,Bul S. Jovanovica - Bul Evrope (u oba smera)(b),42a,2026-10-09,15:38:52,79,3,175036,1,Saobraćaj se odvija normalno,45.253781,19.806246,0,5,2026-10-09T13:40:34Z,
2026-10-09T13:42:16Z,2026-10-09T13:39:02Z,0043,43NSa K.Stankovica,14,Bul.Evrope-Rumenacka (u oba smera)(b),43a,2026-10-09,15:38:59,421,1028,208517,1,Saobraćaj se odvija normalno,45.262419,19.814289,0,5,2026-10-09T13:40:34Z,
2026-10-09T13:42:16Z,2026-10-09T13:39:02Z,0043,43NSb K.Stankovica,24,Rumenacka-Bul.Evrope (u oba smera)(b),43b,2026-10-09,15:38:56,204,441,86974,1,Saobraćaj se odvija normalno,45.262573,19.814263,0,5,2026-10-09T13:40:34Z,
2026-10-09T13:42:16Z,2026-10-09T13:39:02Z,0044,44NSb Bul.Evrope(B.Bajica),24,Futoska-H.Ruvimova (u oba smera)(b),44b,2026-10-09,15:38:59,422,1154,217665,1,Saobraćaj se odvija normalno,45.253588,19.81339,0,5,2026-10-09T13:40:34Z,
2026-10-09T13:42:16Z,2026-10-09T13:39:02Z,0044,44NSa Bul.Evrope(B.Bajica),14,H.Ruvimova-Futoska (u oba smera)(b),44a,2026-10-09,15:38:59,368,792,164492,1,Saobraćaj se odvija normalno,45.253448,19.813023,0,5,2026-10-09T13:40:34Z,
2026-10-09T13:42:16Z,2026-10-09T13:39:02Z,0045,45NSa Bate Brkica,14,Bul.J.Ducica-Futoski put (u oba smera)(b),45a,2026-10-09,15:38:56,214,526,94616,1,Saobraćaj se odvija normalno,45.249447,19.798124,0,5,2026-10-09T13:40:34Z,
2026-10-09T13:42:16Z,2026-10-09T13:39:02Z,0045,45NSb Bate Brkica,24,Futoski put-Bul.J.Ducica (u oba smera)(b),45b,2026-10-09,15:39:00,374,810,169571,1,Saobraćaj se odvija normalno,45.24953,19.798362,0,5,2026-10-09T13:40:34Z,
2026-10-09T13:42:16Z,2026-10-09T13:39:02Z,0046,46NSa Futoski put,21,Bate Brkica-Bul.Kneza Milosa,46a,2026-10-09,15:38:57,209,445,84203,1,Saobraćaj se odvija normalno,45.245966,19.800219,0,5,2026-10-09T13:40:34Z,
2026-10-09T13:42:16Z,2026-10-09T13:39:02Z,0046,46NSb Futoski put,11,Bate Brkica-Bul.Kneza Milosa,46b,2026-10-09,15:38:58,328,619,113422,1,Saobraćaj se odvija normalno,45.245971,19.799306,0,5,2026-10-09T13:40:34Z,
2026-10-09T13:42:16Z,2026-10-09T13:39:02Z,0046,46NSa Futoski put,11,Bul.Kneza Milosa-Bate Brkica,46a,2026-10-09,15:38:53,271,501,100184,1,Saobraćaj se odvija normalno,45.245966,19.800219,0,5,2026-10-09T13:40:34Z,
2026-10-09T13:42:16Z,2026-10-09T13:39:02Z,0046,46NSb Futoski put,21,Bul.Kneza Milosa-Bate Brkica,46b,2026-10-09,15:38:58,276,700,134242,1,Saobraćaj se odvija normalno,45.245971,19.799306,0,5,2026-10-09T13:40:34Z,
2026-10-09T13:42:16Z,2026-10-09T13:39:02Z,0047,47NS Narodnog fronta(Sekspirova),21,Bul.oslobodjenja-Sekspirova,47,2026-10-09,15:38:57,158,331,66765,1,Saobraćaj se odvija normalno,45.240345,19.838594,0,5,2026-10-09T13:40:34Z,
2026-10-09T13:42:16Z,2026-10-09T13:39:02Z,0047,47NS Narodnog fronta(Sekspirova),11,Sekspirova-Bul.oslobodjenja,47,2026-10-09,15:38:57,256,488,108176,1,Saobraćaj se odvija normalno,45.240345,19.838594,0,5,2026-10-09T13:40:34Z,
2026-10-09T13:42:16Z,2026-10-09T13:39:02Z,0049,49NSb Maksima Gorkog,24,Strazilovska-Sutjeska (u oba smera)(b),49b,2026-10-09,15:39:01,0,4,22515,6,Nema saobraćaja,45.249741,19.845811,0,5,2026-10-09T13:40:34Z,
2026-10-09T13:42:16Z,2026-10-09T13:39:02Z,0049,49NSa Maksima Gorkog,14,Sutjeska-Strazilovska (u oba smera)(b),49a,2026-10-09,15:39:00,180,328,64497,1,Saobraćaj se odvija normalno,45.24962,19.845863,0,5,2026-10-09T13:40:34Z,
2026-10-09T13:42:16Z,2026-10-09T13:39:02Z,0050,50NSa Brace Ribnikar,14,Futoska-M.Dimitrijevica (u oba smera)(b),50a,2026-10-09,15:39:01,463,1079,167744,1,Saobraćaj se odvija normalno,45.248713,19.833487,0,5,2026-10-09T13:40:34Z,
2026-10-09T13:42:16Z,2026-10-09T13:39:02Z,0050,50NSb Brace Ribnikar,24,M.Dimitrijevica-Futoska (u oba smera)(b),50b,2026-10-09,15:39:01,317,731,106374,1,Saobraćaj se odvija normalno,45.248852,19.833603,0,5,2026-10-09T13:40:34Z,
2026-10-09T13:42:16Z,2026-10-09T13:39:02Z,0051,51NSb Futoski put,11,Bul.Evrope-Suboticka,51b,2026-10-09,15:38:47,576,1547,288423,1,Saobraćaj se odvija normalno,45.248277,19.814417,0,5,2026-10-09T13:40:34Z,
2026-10-09T13:42:16Z,2026-10-09T13:39:02Z,0051,51NSa Futoski put,21,Bul.Evrope-Suboticka,51a,2026-10-09,15:38:42,232,410,79250,1,Saobraćaj se odvija normalno,45.24806,19.81453,0,5,2026-10-09T13:40:34Z,
2026-10-09T13:42:16Z,2026-10-09T13:39:02Z,0051,51NSa Futoski put,11,Suboticka-Bul.Evrope,51a,2026-10-09,15:38:41,211,395,70550,1,Saobraćaj se odvija normalno,45.24806,19.81453,0,5,2026-10-09T13:40:34Z,
2026-10-09T13:42:16Z,2026-10-09T13:39:02Z,0051,51NSb Futoski put,21,Suboticka-Bul.Evrope,51b,2026-10-09,15:38:48,806,1560,289485,1,Saobraćaj se odvija normalno,45.248277,19.814417,0,5,2026-10-09T13:40:34Z,
